Timestamp,Pair,Bid,Ask,Open_Open,Open_High,Open_Low,Open_Close,High_Open,High_High,High_Low,High_Close,Low_Open,Low_High,Low_Low,Low_Close,Close_Open,Close_High,Close_Low,Close_Close
2022-01-05 09:40:00,EUR/USD,1.13033,1.1304,1.1304,1.13046,1.13002,1.13009,1.1304,1.13046,1.13002,1.13009,1.1304,1.13046,1.13002,1.13009,1.1304,1.13046,1.13002,1.13009
2022-01-05 15:15:00,EUR/USD,1.1343,1.13436,1.13436,1.13443,1.13415,1.13443,1.13436,1.13443,1.13415,1.13443,1.13436,1.13443,1.13415,1.13443,1.13436,1.13443,1.13415,1.13443
2022-01-07 13:40:00,EUR/USD,1.12974,1.12983,1.12983,1.13042,1.12932,1.12991,1.12983,1.13042,1.12932,1.12991,1.12983,1.13042,1.12932,1.12991,1.12983,1.13042,1.12932,1.12991
2022-01-11 18:50:00,EUR/USD,1.13675,1.1368,1.1368,1.13688,1.13663,1.13664,1.1368,1.13688,1.13663,1.13664,1.1368,1.13688,1.13663,1.13664,1.1368,1.13688,1.13663,1.13664
2022-01-14 12:15:00,EUR/USD,1.14535,1.14538,1.14538,1.14538,1.1447,1.14487,1.14538,1.14538,1.1447,1.14487,1.14538,1.14538,1.1447,1.14487,1.14538,1.14538,1.1447,1.14487
2022-01-18 13:20:00,EUR/USD,1.13653,1.13656,1.13656,1.13699,1.13629,1.13699,1.13656,1.13699,1.13629,1.13699,1.13656,1.13699,1.13629,1.13699,1.13656,1.13699,1.13629,1.13699
2022-01-21 16:50:00,EUR/USD,1.13429,1.13434,1.13434,1.1346,1.13429,1.13437,1.13434,1.1346,1.13429,1.13437,1.13434,1.1346,1.13429,1.13437,1.13434,1.1346,1.13429,1.13437
2022-01-24 02:50:00,EUR/USD,1.13338,1.13343,1.13343,1.13355,1.13325,1.13325,1.13343,1.13355,1.13325,1.13325,1.13343,1.13355,1.13325,1.13325,1.13343,1.13355,1.13325,1.13325
2022-01-25 18:10:00,EUR/USD,1.12908,1.12912,1.12912,1.12932,1.12904,1.12922,1.12912,1.12932,1.12904,1.12922,1.12912,1.12932,1.12904,1.12922,1.12912,1.12932,1.12904,1.12922
2022-01-26 19:50:00,EUR/USD,1.12527,1.12532,1.12532,1.12676,1.12515,1.12538,1.12532,1.12676,1.12515,1.12538,1.12532,1.12676,1.12515,1.12538,1.12532,1.12676,1.12515,1.12538
2022-01-27 14:35:00,EUR/USD,1.11524,1.1153,1.1153,1.11602,1.1151,1.11573,1.1153,1.11602,1.1151,1.11573,1.1153,1.11602,1.1151,1.11573,1.1153,1.11602,1.1151,1.11573
2022-01-31 22:00:00,EUR/USD,1.12318,1.12398,1.12398,1.12422,1.1239,1.12422,1.12398,1.12422,1.1239,1.12422,1.12398,1.12422,1.1239,1.12422,1.12398,1.12422,1.1239,1.12422
2022-02-02 09:15:00,EUR/USD,1.12867,1.12871,1.12871,1.12901,1.12869,1.12881,1.12871,1.12901,1.12869,1.12881,1.12871,1.12901,1.12869,1.12881,1.12871,1.12901,1.12869,1.12881
2022-02-03 07:00:00,EUR/USD,1.12909,1.12916,1.12916,1.12966,1.12914,1.1296,1.12916,1.12966,1.12914,1.1296,1.12916,1.12966,1.12914,1.1296,1.12916,1.12966,1.12914,1.1296
2022-02-03 15:20:00,EUR/USD,1.14092,1.14092,1.14092,1.14105,1.13997,1.14045,1.14092,1.14105,1.13997,1.14045,1.14092,1.14105,1.13997,1.14045,1.14092,1.14105,1.13997,1.14045
2022-02-03 15:25:00,EUR/USD,1.14038,1.14045,1.14045,1.14062,1.14013,1.14055,1.14045,1.14062,1.14013,1.14055,1.14045,1.14062,1.14013,1.14055,1.14045,1.14062,1.14013,1.14055
2022-02-04 14:55:00,EUR/USD,1.14207,1.14213,1.14213,1.1427,1.14153,1.14161,1.14213,1.1427,1.14153,1.14161,1.14213,1.1427,1.14153,1.14161,1.14213,1.1427,1.14153,1.14161
2022-02-04 18:00:00,EUR/USD,1.14543,1.14544,1.14544,1.14587,1.14535,1.14585,1.14544,1.14587,1.14535,1.14585,1.14544,1.14587,1.14535,1.14585,1.14544,1.14587,1.14535,1.14585
2022-02-04 20:10:00,EUR/USD,1.14515,1.14521,1.14521,1.1453,1.14497,1.14528,1.14521,1.1453,1.14497,1.14528,1.14521,1.1453,1.14497,1.14528,1.14521,1.1453,1.14497,1.14528
2022-02-07 11:05:00,EUR/USD,1.1424,1.1424,1.1424,1.14261,1.14207,1.14224,1.1424,1.14261,1.14207,1.14224,1.1424,1.14261,1.14207,1.14224,1.1424,1.14261,1.14207,1.14224
2022-02-08 06:00:00,EUR/USD,1.14169,1.14171,1.14171,1.14173,1.14139,1.14149,1.14171,1.14173,1.14139,1.14149,1.14171,1.14173,1.14139,1.14149,1.14171,1.14173,1.14139,1.14149
2022-02-09 15:05:00,EUR/USD,1.14348,1.14349,1.14349,1.14389,1.14344,1.14359,1.14349,1.14389,1.14344,1.14359,1.14349,1.14389,1.14344,1.14359,1.14349,1.14389,1.14344,1.14359
2022-02-09 16:20:00,EUR/USD,1.14354,1.14359,1.14359,1.14372,1.14349,1.1436,1.14359,1.14372,1.14349,1.1436,1.14359,1.14372,1.14349,1.1436,1.14359,1.14372,1.14349,1.1436
2022-02-09 17:35:00,EUR/USD,1.14372,1.14373,1.14373,1.14482,1.14362,1.14437,1.14373,1.14482,1.14362,1.14437,1.14373,1.14482,1.14362,1.14437,1.14373,1.14482,1.14362,1.14437
2022-02-10 13:40:00,EUR/USD,1.14087,1.14096,1.14096,1.14103,1.13964,1.13997,1.14096,1.14103,1.13964,1.13997,1.14096,1.14103,1.13964,1.13997,1.14096,1.14103,1.13964,1.13997
2022-02-11 00:15:00,EUR/USD,1.14086,1.14091,1.14091,1.14091,1.14033,1.14033,1.14091,1.14091,1.14033,1.14033,1.14091,1.14091,1.14033,1.14033,1.14091,1.14091,1.14033,1.14033
2022-02-11 13:25:00,EUR/USD,1.14103,1.14103,1.14103,1.14131,1.14064,1.14067,1.14103,1.14131,1.14064,1.14067,1.14103,1.14131,1.14064,1.14067,1.14103,1.14131,1.14064,1.14067
2022-02-11 16:50:00,EUR/USD,1.13988,1.13988,1.13988,1.14024,1.13978,1.14,1.13988,1.14024,1.13978,1.14,1.13988,1.14024,1.13978,1.14,1.13988,1.14024,1.13978,1.14
2022-02-11 18:45:00,EUR/USD,1.13549,1.1355,1.1355,1.13553,1.13415,1.13462,1.1355,1.13553,1.13415,1.13462,1.1355,1.13553,1.13415,1.13462,1.1355,1.13553,1.13415,1.13462
2022-02-11 20:00:00,EUR/USD,1.13337,1.13341,1.13341,1.13465,1.13311,1.13439,1.13341,1.13465,1.13311,1.13439,1.13341,1.13465,1.13311,1.13439,1.13341,1.13465,1.13311,1.13439
2022-02-14 10:50:00,EUR/USD,1.13166,1.13168,1.13168,1.1318,1.13137,1.13146,1.13168,1.1318,1.13137,1.13146,1.13168,1.1318,1.13137,1.13146,1.13168,1.1318,1.13137,1.13146
2022-02-14 19:05:00,EUR/USD,1.12986,1.12986,1.12986,1.13002,1.12934,1.1297,1.12986,1.13002,1.12934,1.1297,1.12986,1.13002,1.12934,1.1297,1.12986,1.13002,1.12934,1.1297
2022-02-15 11:20:00,EUR/USD,1.13497,1.13499,1.13499,1.13527,1.13468,1.13513,1.13499,1.13527,1.13468,1.13513,1.13499,1.13527,1.13468,1.13513,1.13499,1.13527,1.13468,1.13513
2022-02-16 07:20:00,EUR/USD,1.13667,1.13669,1.13669,1.13688,1.1366,1.13675,1.13669,1.13688,1.1366,1.13675,1.13669,1.13688,1.1366,1.13675,1.13669,1.13688,1.1366,1.13675
2022-02-16 08:05:00,EUR/USD,1.13756,1.13758,1.13758,1.13799,1.13742,1.13747,1.13758,1.13799,1.13742,1.13747,1.13758,1.13799,1.13742,1.13747,1.13758,1.13799,1.13742,1.13747
2022-02-16 16:35:00,EUR/USD,1.13756,1.13761,1.13761,1.13777,1.13752,1.13774,1.13761,1.13777,1.13752,1.13774,1.13761,1.13777,1.13752,1.13774,1.13761,1.13777,1.13752,1.13774
2022-02-16 16:55:00,EUR/USD,1.13768,1.13769,1.13769,1.13812,1.13765,1.13808,1.13769,1.13812,1.13765,1.13808,1.13769,1.13812,1.13765,1.13808,1.13769,1.13812,1.13765,1.13808
2022-02-17 06:10:00,EUR/USD,1.13552,1.13559,1.13559,1.13559,1.13516,1.13551,1.13559,1.13559,1.13516,1.13551,1.13559,1.13559,1.13516,1.13551,1.13559,1.13559,1.13516,1.13551
2022-02-17 06:35:00,EUR/USD,1.13584,1.13591,1.13591,1.13599,1.13533,1.13561,1.13591,1.13599,1.13533,1.13561,1.13591,1.13599,1.13533,1.13561,1.13591,1.13599,1.13533,1.13561
2022-02-18 02:25:00,EUR/USD,1.13698,1.13702,1.13702,1.13711,1.13674,1.13674,1.13702,1.13711,1.13674,1.13674,1.13702,1.13711,1.13674,1.13674,1.13702,1.13711,1.13674,1.13674
2022-02-18 07:25:00,EUR/USD,1.13721,1.13723,1.13723,1.13732,1.13695,1.1371,1.13723,1.13732,1.13695,1.1371,1.13723,1.13732,1.13695,1.1371,1.13723,1.13732,1.13695,1.1371
2022-02-18 08:55:00,EUR/USD,1.13724,1.13726,1.13726,1.13762,1.13726,1.13758,1.13726,1.13762,1.13726,1.13758,1.13726,1.13762,1.13726,1.13758,1.13726,1.13762,1.13726,1.13758
2022-02-22 01:25:00,EUR/USD,1.1306,1.13064,1.13064,1.13084,1.13045,1.13054,1.13064,1.13084,1.13045,1.13054,1.13064,1.13084,1.13045,1.13054,1.13064,1.13084,1.13045,1.13054
2022-02-22 08:30:00,EUR/USD,1.13214,1.13221,1.13221,1.13237,1.13157,1.13214,1.13221,1.13237,1.13157,1.13214,1.13221,1.13237,1.13157,1.13214,1.13221,1.13237,1.13157,1.13214
2022-02-22 15:05:00,EUR/USD,1.13489,1.13489,1.13489,1.13492,1.13406,1.13411,1.13489,1.13492,1.13406,1.13411,1.13489,1.13492,1.13406,1.13411,1.13489,1.13492,1.13406,1.13411
2022-02-22 16:00:00,EUR/USD,1.13352,1.13357,1.13357,1.13403,1.13314,1.13395,1.13357,1.13403,1.13314,1.13395,1.13357,1.13403,1.13314,1.13395,1.13357,1.13403,1.13314,1.13395
2022-02-23 17:05:00,EUR/USD,1.13142,1.13147,1.13147,1.13183,1.13147,1.13166,1.13147,1.13183,1.13147,1.13166,1.13147,1.13183,1.13147,1.13166,1.13147,1.13183,1.13147,1.13166
2022-02-24 17:40:00,EUR/USD,1.1171,1.11716,1.11716,1.11757,1.11682,1.11699,1.11716,1.11757,1.11682,1.11699,1.11716,1.11757,1.11682,1.11699,1.11716,1.11757,1.11682,1.11699
2022-02-25 07:50:00,EUR/USD,1.12159,1.1216,1.1216,1.12167,1.12081,1.12082,1.1216,1.12167,1.12081,1.12082,1.1216,1.12167,1.12081,1.12082,1.1216,1.12167,1.12081,1.12082
2022-02-25 08:35:00,EUR/USD,1.1181,1.11816,1.11816,1.1183,1.11742,1.11777,1.11816,1.1183,1.11742,1.11777,1.11816,1.1183,1.11742,1.11777,1.11816,1.1183,1.11742,1.11777
2022-02-25 10:25:00,EUR/USD,1.11771,1.11779,1.11779,1.11787,1.11713,1.11746,1.11779,1.11787,1.11713,1.11746,1.11779,1.11787,1.11713,1.11746,1.11779,1.11787,1.11713,1.11746
2022-02-27 23:30:00,EUR/USD,1.11664,1.11671,1.11671,1.118,1.1165,1.1175,1.11671,1.118,1.1165,1.1175,1.11671,1.118,1.1165,1.1175,1.11671,1.118,1.1165,1.1175
2022-02-28 07:50:00,EUR/USD,1.11866,1.11866,1.11866,1.11905,1.11853,1.11878,1.11866,1.11905,1.11853,1.11878,1.11866,1.11905,1.11853,1.11878,1.11866,1.11905,1.11853,1.11878
2022-03-01 13:30:00,EUR/USD,1.11501,1.11505,1.11505,1.11613,1.11501,1.116,1.11505,1.11613,1.11501,1.116,1.11505,1.11613,1.11501,1.116,1.11505,1.11613,1.11501,1.116
2022-03-01 23:10:00,EUR/USD,1.11234,1.11239,1.11239,1.11257,1.11239,1.11247,1.11239,1.11257,1.11239,1.11247,1.11239,1.11257,1.11239,1.11247,1.11239,1.11257,1.11239,1.11247
2022-03-02 14:30:00,EUR/USD,1.10992,1.10998,1.10998,1.10998,1.10939,1.10975,1.10998,1.10998,1.10939,1.10975,1.10998,1.10998,1.10939,1.10975,1.10998,1.10998,1.10939,1.10975
2022-03-02 15:15:00,EUR/USD,1.10823,1.10823,1.10823,1.10867,1.10801,1.10838,1.10823,1.10867,1.10801,1.10838,1.10823,1.10867,1.10801,1.10838,1.10823,1.10867,1.10801,1.10838
2022-03-02 21:25:00,EUR/USD,1.11216,1.11224,1.11224,1.11229,1.1121,1.11221,1.11224,1.11229,1.1121,1.11221,1.11224,1.11229,1.1121,1.11221,1.11224,1.11229,1.1121,1.11221
2022-03-03 01:50:00,EUR/USD,1.10967,1.10972,1.10972,1.10986,1.10956,1.10975,1.10972,1.10986,1.10956,1.10975,1.10972,1.10986,1.10956,1.10975,1.10972,1.10986,1.10956,1.10975
2022-03-03 09:30:00,EUR/USD,1.10742,1.1075,1.1075,1.10796,1.10744,1.10761,1.1075,1.10796,1.10744,1.10761,1.1075,1.10796,1.10744,1.10761,1.1075,1.10796,1.10744,1.10761
2022-03-03 09:30:00,EUR/USD,1.10744,1.10746,1.1075,1.10796,1.10744,1.10761,1.1075,1.10796,1.10744,1.10761,1.1075,1.10796,1.10744,1.10761,1.1075,1.10796,1.10744,1.10761
2022-03-04 07:10:00,EUR/USD,1.10168,1.10176,1.10176,1.10195,1.10126,1.1015,1.10176,1.10195,1.10126,1.1015,1.10176,1.10195,1.10126,1.1015,1.10176,1.10195,1.10126,1.1015
2022-03-04 13:55:00,EUR/USD,1.08974,1.08975,1.08975,1.09122,1.08951,1.0909,1.08975,1.09122,1.08951,1.0909,1.08975,1.09122,1.08951,1.0909,1.08975,1.09122,1.08951,1.0909
2022-03-07 08:15:00,EUR/USD,1.08727,1.08735,1.08735,1.08755,1.08698,1.0872,1.08735,1.08755,1.08698,1.0872,1.08735,1.08755,1.08698,1.0872,1.08735,1.08755,1.08698,1.0872
2022-03-07 10:30:00,EUR/USD,1.08169,1.08176,1.08176,1.08182,1.0806,1.08088,1.08176,1.08182,1.0806,1.08088,1.08176,1.08182,1.0806,1.08088,1.08176,1.08182,1.0806,1.08088
2022-03-07 13:55:00,EUR/USD,1.08954,1.08961,1.08961,1.0901,1.08948,1.08978,1.08961,1.0901,1.08948,1.08978,1.08961,1.0901,1.08948,1.08978,1.08961,1.0901,1.08948,1.08978
2022-03-07 15:05:00,EUR/USD,1.08911,1.08911,1.08911,1.08968,1.08888,1.08931,1.08911,1.08968,1.08888,1.08931,1.08911,1.08968,1.08888,1.08931,1.08911,1.08968,1.08888,1.08931
2022-03-07 17:30:00,EUR/USD,1.08777,1.08779,1.08779,1.08804,1.0875,1.08804,1.08779,1.08804,1.0875,1.08804,1.08779,1.08804,1.0875,1.08804,1.08779,1.08804,1.0875,1.08804
2022-03-07 17:45:00,EUR/USD,1.08806,1.08812,1.08812,1.08866,1.08774,1.08823,1.08812,1.08866,1.08774,1.08823,1.08812,1.08866,1.08774,1.08823,1.08812,1.08866,1.08774,1.08823
2022-03-08 07:30:00,EUR/USD,1.08707,1.08708,1.08708,1.08844,1.08643,1.08669,1.08708,1.08844,1.08643,1.08669,1.08708,1.08844,1.08643,1.08669,1.08708,1.08844,1.08643,1.08669
2022-03-08 09:05:00,EUR/USD,1.08958,1.08964,1.08964,1.08964,1.08818,1.08842,1.08964,1.08964,1.08818,1.08842,1.08964,1.08964,1.08818,1.08842,1.08964,1.08964,1.08818,1.08842
2022-03-08 20:35:00,EUR/USD,1.09031,1.09036,1.09036,1.09048,1.09004,1.09021,1.09036,1.09048,1.09004,1.09021,1.09036,1.09048,1.09004,1.09021,1.09036,1.09048,1.09004,1.09021
2022-03-09 10:15:00,EUR/USD,1.0987,1.09872,1.09872,1.09875,1.09797,1.09866,1.09872,1.09875,1.09797,1.09866,1.09872,1.09875,1.09797,1.09866,1.09872,1.09875,1.09797,1.09866
2022-03-09 13:00:00,EUR/USD,1.09855,1.09856,1.09856,1.09902,1.09835,1.0988,1.09856,1.09902,1.09835,1.0988,1.09856,1.09902,1.09835,1.0988,1.09856,1.09902,1.09835,1.0988
2022-03-09 13:10:00,EUR/USD,1.09866,1.09871,1.09871,1.09948,1.09862,1.09932,1.09871,1.09948,1.09862,1.09932,1.09871,1.09948,1.09862,1.09932,1.09871,1.09948,1.09862,1.09932
2022-03-09 15:10:00,EUR/USD,1.10267,1.10267,1.10267,1.10343,1.10252,1.10266,1.10267,1.10343,1.10252,1.10266,1.10267,1.10343,1.10252,1.10266,1.10267,1.10343,1.10252,1.10266
2022-03-09 15:10:00,EUR/USD,1.10265,1.10271,1.10267,1.10343,1.10252,1.10266,1.10267,1.10343,1.10252,1.10266,1.10267,1.10343,1.10252,1.10266,1.10267,1.10343,1.10252,1.10266
2022-03-09 18:15:00,EUR/USD,1.10764,1.10765,1.10765,1.10801,1.10748,1.10799,1.10765,1.10801,1.10748,1.10799,1.10765,1.10801,1.10748,1.10799,1.10765,1.10801,1.10748,1.10799
2022-03-10 14:50:00,EUR/USD,1.10154,1.10159,1.10159,1.10218,1.10137,1.10178,1.10159,1.10218,1.10137,1.10178,1.10159,1.10218,1.10137,1.10178,1.10159,1.10218,1.10137,1.10178
2022-03-10 19:30:00,EUR/USD,1.09874,1.09881,1.09881,1.09917,1.09853,1.09917,1.09881,1.09917,1.09853,1.09917,1.09881,1.09917,1.09853,1.09917,1.09881,1.09917,1.09853,1.09917
2022-03-11 01:45:00,EUR/USD,1.09925,1.09931,1.09931,1.09946,1.09919,1.09927,1.09931,1.09946,1.09919,1.09927,1.09931,1.09946,1.09919,1.09927,1.09931,1.09946,1.09919,1.09927
2022-03-11 11:35:00,EUR/USD,1.10143,1.10145,1.10145,1.10187,1.10079,1.10165,1.10145,1.10187,1.10079,1.10165,1.10145,1.10187,1.10079,1.10165,1.10145,1.10187,1.10079,1.10165
2022-03-11 16:15:00,EUR/USD,1.09532,1.09533,1.09533,1.09556,1.09513,1.09523,1.09533,1.09556,1.09513,1.09523,1.09533,1.09556,1.09513,1.09523,1.09533,1.09556,1.09513,1.09523
2022-03-13 23:50:00,EUR/USD,1.09359,1.09362,1.09362,1.09392,1.09343,1.09362,1.09362,1.09392,1.09343,1.09362,1.09362,1.09392,1.09343,1.09362,1.09362,1.09392,1.09343,1.09362
2022-03-14 03:45:00,EUR/USD,1.09069,1.09074,1.09074,1.09076,1.09049,1.09062,1.09074,1.09076,1.09049,1.09062,1.09074,1.09076,1.09049,1.09062,1.09074,1.09076,1.09049,1.09062
2022-03-14 12:00:00,EUR/USD,1.09432,1.09434,1.09434,1.09488,1.0943,1.09484,1.09434,1.09488,1.0943,1.09484,1.09434,1.09488,1.0943,1.09484,1.09434,1.09488,1.0943,1.09484
2022-03-15 09:45:00,EUR/USD,1.09976,1.09982,1.09982,1.10046,1.09978,1.10019,1.09982,1.10046,1.09978,1.10019,1.09982,1.10046,1.09978,1.10019,1.09982,1.10046,1.09978,1.10019
2022-03-15 16:15:00,EUR/USD,1.09443,1.09444,1.09444,1.09491,1.09403,1.09459,1.09444,1.09491,1.09403,1.09459,1.09444,1.09491,1.09403,1.09459,1.09444,1.09491,1.09403,1.09459
2022-03-16 10:45:00,EUR/USD,1.09975,1.09981,1.09981,1.09987,1.09929,1.09948,1.09981,1.09987,1.09929,1.09948,1.09981,1.09987,1.09929,1.09948,1.09981,1.09987,1.09929,1.09948
2022-03-16 15:25:00,EUR/USD,1.10004,1.10009,1.10009,1.10031,1.09966,1.10025,1.10009,1.10031,1.09966,1.10025,1.10009,1.10031,1.09966,1.10025,1.10009,1.10031,1.09966,1.10025
2022-03-16 16:20:00,EUR/USD,1.10031,1.10038,1.10038,1.10082,1.10031,1.10052,1.10038,1.10082,1.10031,1.10052,1.10038,1.10082,1.10031,1.10052,1.10038,1.10082,1.10031,1.10052
2022-03-16 18:25:00,EUR/USD,1.09567,1.09573,1.09573,1.09699,1.09559,1.09649,1.09573,1.09699,1.09559,1.09649,1.09573,1.09699,1.09559,1.09649,1.09573,1.09699,1.09559,1.09649
2022-03-17 08:35:00,EUR/USD,1.10567,1.10571,1.10571,1.1058,1.10551,1.10574,1.10571,1.1058,1.10551,1.10574,1.10571,1.1058,1.10551,1.10574,1.10571,1.1058,1.10551,1.10574
2022-03-17 17:40:00,EUR/USD,1.1125,1.11254,1.11254,1.11288,1.11236,1.11259,1.11254,1.11288,1.11236,1.11259,1.11254,1.11288,1.11236,1.11259,1.11254,1.11288,1.11236,1.11259
2022-03-23 10:10:00,EUR/USD,1.10038,1.10044,1.10044,1.10057,1.10015,1.10042,1.10044,1.10057,1.10015,1.10042,1.10044,1.10057,1.10015,1.10042,1.10044,1.10057,1.10015,1.10042
2022-03-25 09:30:00,EUR/USD,1.10082,1.10086,1.10086,1.10121,1.10085,1.10103,1.10086,1.10121,1.10085,1.10103,1.10086,1.10121,1.10085,1.10103,1.10086,1.10121,1.10085,1.10103
2022-03-30 13:05:00,EUR/USD,1.11253,1.1126,1.1126,1.11298,1.11244,1.11266,1.1126,1.11298,1.11244,1.11266,1.1126,1.11298,1.11244,1.11266,1.1126,1.11298,1.11244,1.11266
2022-04-01 07:00:00,EUR/USD,1.10736,1.10739,1.10739,1.10759,1.1064,1.10647,1.10739,1.10759,1.1064,1.10647,1.10739,1.10759,1.1064,1.10647,1.10739,1.10759,1.1064,1.10647
2022-04-06 02:15:00,EUR/USD,1.08936,1.08942,1.08942,1.08946,1.08925,1.08938,1.08942,1.08946,1.08925,1.08938,1.08942,1.08946,1.08925,1.08938,1.08942,1.08946,1.08925,1.08938
2022-04-06 14:25:00,EUR/USD,1.09122,1.09129,1.09129,1.0917,1.09125,1.09169,1.09129,1.0917,1.09125,1.09169,1.09129,1.0917,1.09125,1.09169,1.09129,1.0917,1.09125,1.09169
2022-04-07 16:40:00,EUR/USD,1.08818,1.08824,1.08824,1.08834,1.08801,1.08811,1.08824,1.08834,1.08801,1.08811,1.08824,1.08834,1.08801,1.08811,1.08824,1.08834,1.08801,1.08811
2022-04-08 13:20:00,EUR/USD,1.08426,1.08432,1.08432,1.08462,1.08402,1.08403,1.08432,1.08462,1.08402,1.08403,1.08432,1.08462,1.08402,1.08403,1.08432,1.08462,1.08402,1.08403
2022-04-11 13:15:00,EUR/USD,1.08978,1.08982,1.08982,1.09012,1.08956,1.08958,1.08982,1.09012,1.08956,1.08958,1.08982,1.09012,1.08956,1.08958,1.08982,1.09012,1.08956,1.08958
2022-04-11 15:00:00,EUR/USD,1.08955,1.08961,1.08961,1.08989,1.08939,1.08989,1.08961,1.08989,1.08939,1.08989,1.08961,1.08989,1.08939,1.08989,1.08961,1.08989,1.08939,1.08989
2022-04-13 08:30:00,EUR/USD,1.08333,1.08338,1.08338,1.08349,1.0831,1.08333,1.08338,1.08349,1.0831,1.08333,1.08338,1.08349,1.0831,1.08333,1.08338,1.08349,1.0831,1.08333
2022-04-13 09:35:00,EUR/USD,1.08289,1.08296,1.08296,1.08307,1.0827,1.08292,1.08296,1.08307,1.0827,1.08292,1.08296,1.08307,1.0827,1.08292,1.08296,1.08307,1.0827,1.08292
2022-04-13 20:00:00,EUR/USD,1.08827,1.08834,1.08834,1.0886,1.08833,1.08852,1.08834,1.0886,1.08833,1.08852,1.08834,1.0886,1.08833,1.08852,1.08834,1.0886,1.08833,1.08852
2022-04-14 07:55:00,EUR/USD,1.09079,1.09083,1.09083,1.09096,1.09065,1.09088,1.09083,1.09096,1.09065,1.09088,1.09083,1.09096,1.09065,1.09088,1.09083,1.09096,1.09065,1.09088
2022-04-18 00:40:00,EUR/USD,1.08024,1.0803,1.0803,1.08041,1.07962,1.07973,1.0803,1.08041,1.07962,1.07973,1.0803,1.08041,1.07962,1.07973,1.0803,1.08041,1.07962,1.07973
2022-04-20 10:15:00,EUR/USD,1.08622,1.08627,1.08627,1.0866,1.08613,1.08621,1.08627,1.0866,1.08613,1.08621,1.08627,1.0866,1.08613,1.08621,1.08627,1.0866,1.08613,1.08621
2022-04-21 09:00:00,EUR/USD,1.09211,1.09217,1.09217,1.09257,1.09181,1.09237,1.09217,1.09257,1.09181,1.09237,1.09217,1.09257,1.09181,1.09237,1.09217,1.09257,1.09181,1.09237
2022-04-25 06:40:00,EUR/USD,1.07228,1.07231,1.07231,1.07252,1.07164,1.07226,1.07231,1.07252,1.07164,1.07226,1.07231,1.07252,1.07164,1.07226,1.07231,1.07252,1.07164,1.07226
2022-04-25 20:30:00,EUR/USD,1.07126,1.07133,1.07133,1.07137,1.07115,1.07117,1.07133,1.07137,1.07115,1.07117,1.07133,1.07137,1.07115,1.07117,1.07133,1.07137,1.07115,1.07117
2022-04-25 23:50:00,EUR/USD,1.07138,1.07146,1.07146,1.07146,1.07128,1.07131,1.07146,1.07146,1.07128,1.07131,1.07146,1.07146,1.07128,1.07131,1.07146,1.07146,1.07128,1.07131
2022-04-26 01:25:00,EUR/USD,1.07236,1.07242,1.07242,1.07252,1.0721,1.0724,1.07242,1.07252,1.0721,1.0724,1.07242,1.07252,1.0721,1.0724,1.07242,1.07252,1.0721,1.0724
2022-04-26 14:40:00,EUR/USD,1.06579,1.06584,1.06584,1.06622,1.0642,1.06447,1.06584,1.06622,1.0642,1.06447,1.06584,1.06622,1.0642,1.06447,1.06584,1.06622,1.0642,1.06447
2022-04-28 12:25:00,EUR/USD,1.04906,1.04912,1.04912,1.0495,1.04844,1.04878,1.04912,1.0495,1.04844,1.04878,1.04912,1.0495,1.04844,1.04878,1.04912,1.0495,1.04844,1.04878
2022-05-06 19:45:00,EUR/USD,1.05534,1.05541,1.05541,1.05567,1.05516,1.0556,1.05541,1.05567,1.05516,1.0556,1.05541,1.05567,1.05516,1.0556,1.05541,1.05567,1.05516,1.0556
2022-05-09 04:10:00,EUR/USD,1.05084,1.05091,1.05091,1.05098,1.0506,1.05085,1.05091,1.05098,1.0506,1.05085,1.05091,1.05098,1.0506,1.05085,1.05091,1.05098,1.0506,1.05085
2022-05-09 18:15:00,EUR/USD,1.05593,1.05598,1.05598,1.05674,1.05598,1.05634,1.05598,1.05674,1.05598,1.05634,1.05598,1.05674,1.05598,1.05634,1.05598,1.05674,1.05598,1.05634
2022-05-10 07:45:00,EUR/USD,1.05754,1.05761,1.05761,1.0578,1.05657,1.05672,1.05761,1.0578,1.05657,1.05672,1.05761,1.0578,1.05657,1.05672,1.05761,1.0578,1.05657,1.05672
2022-05-10 17:20:00,EUR/USD,1.05305,1.05309,1.05309,1.05324,1.05271,1.05278,1.05309,1.05324,1.05271,1.05278,1.05309,1.05324,1.05271,1.05278,1.05309,1.05324,1.05271,1.05278
2022-05-12 15:45:00,EUR/USD,1.03985,1.03992,1.03992,1.03992,1.03937,1.0396,1.03992,1.03992,1.03937,1.0396,1.03992,1.03992,1.03937,1.0396,1.03992,1.03992,1.03937,1.0396
2022-05-16 09:25:00,EUR/USD,1.0422,1.04226,1.04226,1.04241,1.04226,1.04231,1.04226,1.04241,1.04226,1.04231,1.04226,1.04241,1.04226,1.04231,1.04226,1.04241,1.04226,1.04231
2022-05-18 20:20:00,EUR/USD,1.04639,1.04644,1.04644,1.04644,1.04622,1.04629,1.04644,1.04644,1.04622,1.04629,1.04644,1.04644,1.04622,1.04629,1.04644,1.04644,1.04622,1.04629
2022-05-23 00:00:00,EUR/USD,1.05688,1.05694,1.05694,1.05731,1.05692,1.05709,1.05694,1.05731,1.05692,1.05709,1.05694,1.05731,1.05692,1.05709,1.05694,1.05731,1.05692,1.05709
2022-05-26 10:45:00,EUR/USD,1.07194,1.072,1.072,1.07234,1.07192,1.07216,1.072,1.07234,1.07192,1.07216,1.072,1.07234,1.07192,1.07216,1.072,1.07234,1.07192,1.07216
2022-05-27 01:50:00,EUR/USD,1.07586,1.07595,1.07595,1.07653,1.07575,1.07652,1.07595,1.07653,1.07575,1.07652,1.07595,1.07653,1.07575,1.07652,1.07595,1.07653,1.07575,1.07652
2022-05-30 05:25:00,EUR/USD,1.0756,1.07566,1.07566,1.07583,1.07557,1.07559,1.07566,1.07583,1.07557,1.07559,1.07566,1.07583,1.07557,1.07559,1.07566,1.07583,1.07557,1.07559
2022-05-30 12:15:00,EUR/USD,1.0763,1.07634,1.07634,1.07647,1.07583,1.076,1.07634,1.07647,1.07583,1.076,1.07634,1.07647,1.07583,1.076,1.07634,1.07647,1.07583,1.076
2022-06-01 09:00:00,EUR/USD,1.07176,1.07187,1.07187,1.07192,1.07143,1.07151,1.07187,1.07192,1.07143,1.07151,1.07187,1.07192,1.07143,1.07151,1.07187,1.07192,1.07143,1.07151
2022-06-02 10:05:00,EUR/USD,1.06886,1.06893,1.06893,1.0691,1.0686,1.06879,1.06893,1.0691,1.0686,1.06879,1.06893,1.0691,1.0686,1.06879,1.06893,1.0691,1.0686,1.06879
2022-06-02 12:15:00,EUR/USD,1.06906,1.06924,1.06924,1.06992,1.06906,1.06937,1.06924,1.06992,1.06906,1.06937,1.06924,1.06992,1.06906,1.06937,1.06924,1.06992,1.06906,1.06937
2022-06-09 07:50:00,EUR/USD,1.07125,1.07131,1.07131,1.07152,1.07068,1.07076,1.07131,1.07152,1.07068,1.07076,1.07131,1.07152,1.07068,1.07076,1.07131,1.07152,1.07068,1.07076
2022-06-09 11:50:00,EUR/USD,1.07102,1.07109,1.07109,1.07427,1.07109,1.07394,1.07109,1.07427,1.07109,1.07394,1.07109,1.07427,1.07109,1.07394,1.07109,1.07427,1.07109,1.07394
2022-06-09 17:45:00,EUR/USD,1.06328,1.06333,1.06333,1.06369,1.06328,1.06369,1.06333,1.06369,1.06328,1.06369,1.06333,1.06369,1.06328,1.06369,1.06333,1.06369,1.06328,1.06369
2022-06-13 19:20:00,EUR/USD,1.04275,1.04284,1.04284,1.04316,1.04134,1.04151,1.04284,1.04316,1.04134,1.04151,1.04284,1.04316,1.04134,1.04151,1.04284,1.04316,1.04134,1.04151
2022-06-14 08:40:00,EUR/USD,1.04744,1.04748,1.04748,1.04817,1.04702,1.04769,1.04748,1.04817,1.04702,1.04769,1.04748,1.04817,1.04702,1.04769,1.04748,1.04817,1.04702,1.04769
2022-06-15 13:05:00,EUR/USD,1.04123,1.04129,1.04129,1.04148,1.04041,1.04062,1.04129,1.04148,1.04041,1.04062,1.04129,1.04148,1.04041,1.04062,1.04129,1.04148,1.04041,1.04062
2022-06-17 09:00:00,EUR/USD,1.05198,1.05201,1.05201,1.05275,1.05196,1.05235,1.05201,1.05275,1.05196,1.05235,1.05201,1.05275,1.05196,1.05235,1.05201,1.05275,1.05196,1.05235
2022-06-17 14:10:00,EUR/USD,1.04711,1.04716,1.04716,1.0474,1.0466,1.04685,1.04716,1.0474,1.0466,1.04685,1.04716,1.0474,1.0466,1.04685,1.04716,1.0474,1.0466,1.04685
2022-06-21 05:45:00,EUR/USD,1.05169,1.05173,1.05173,1.05178,1.0516,1.05168,1.05173,1.05178,1.0516,1.05168,1.05173,1.05178,1.0516,1.05168,1.05173,1.05178,1.0516,1.05168
2022-06-21 11:50:00,EUR/USD,1.05504,1.05508,1.05508,1.0553,1.05471,1.05479,1.05508,1.0553,1.05471,1.05479,1.05508,1.0553,1.05471,1.05479,1.05508,1.0553,1.05471,1.05479
2022-06-24 13:00:00,EUR/USD,1.05229,1.05234,1.05234,1.05256,1.05183,1.05202,1.05234,1.05256,1.05183,1.05202,1.05234,1.05256,1.05183,1.05202,1.05234,1.05256,1.05183,1.05202
2022-06-30 00:30:00,EUR/USD,1.04409,1.04415,1.04415,1.04446,1.04415,1.04441,1.04415,1.04446,1.04415,1.04441,1.04415,1.04446,1.04415,1.04441,1.04415,1.04446,1.04415,1.04441
2022-07-04 07:05:00,EUR/USD,1.04275,1.04281,1.04281,1.04365,1.04279,1.04348,1.04281,1.04365,1.04279,1.04348,1.04281,1.04365,1.04279,1.04348,1.04281,1.04365,1.04279,1.04348
2022-07-06 13:25:00,EUR/USD,1.01962,1.01966,1.01966,1.01966,1.01909,1.01919,1.01966,1.01966,1.01909,1.01919,1.01966,1.01966,1.01909,1.01919,1.01966,1.01966,1.01909,1.01919
2022-07-07 18:10:00,EUR/USD,1.01582,1.01589,1.01589,1.01601,1.01584,1.0159,1.01589,1.01601,1.01584,1.0159,1.01589,1.01601,1.01584,1.0159,1.01589,1.01601,1.01584,1.0159
2022-07-08 09:30:00,EUR/USD,1.01152,1.01159,1.01159,1.01197,1.01145,1.0119,1.01159,1.01197,1.01145,1.0119,1.01159,1.01197,1.01145,1.0119,1.01159,1.01197,1.01145,1.0119
2022-07-08 09:35:00,EUR/USD,1.01185,1.01191,1.01191,1.01211,1.01163,1.01178,1.01191,1.01211,1.01163,1.01178,1.01191,1.01211,1.01163,1.01178,1.01191,1.01211,1.01163,1.01178
2022-07-11 00:55:00,EUR/USD,1.01571,1.01571,1.01571,1.0158,1.01537,1.0155,1.01571,1.0158,1.01537,1.0155,1.01571,1.0158,1.01537,1.0155,1.01571,1.0158,1.01537,1.0155
2022-07-11 13:55:00,EUR/USD,1.0065,1.00657,1.00657,1.00761,1.0063,1.00696,1.00657,1.00761,1.0063,1.00696,1.00657,1.00761,1.0063,1.00696,1.00657,1.00761,1.0063,1.00696
2022-07-12 12:55:00,EUR/USD,1.00496,1.00501,1.00501,1.00556,1.00492,1.00535,1.00501,1.00556,1.00492,1.00535,1.00501,1.00556,1.00492,1.00535,1.00501,1.00556,1.00492,1.00535
2022-07-14 05:50:00,EUR/USD,1.0017,1.00178,1.00178,1.00214,1.00176,1.00214,1.00178,1.00214,1.00176,1.00214,1.00178,1.00214,1.00176,1.00214,1.00178,1.00214,1.00176,1.00214
2022-07-14 15:35:00,EUR/USD,1.00169,1.00177,1.00177,1.00255,1.00118,1.00245,1.00177,1.00255,1.00118,1.00245,1.00177,1.00255,1.00118,1.00245,1.00177,1.00255,1.00118,1.00245
2022-07-18 07:50:00,EUR/USD,1.01435,1.0144,1.0144,1.0148,1.01423,1.01454,1.0144,1.0148,1.01423,1.01454,1.0144,1.0148,1.01423,1.01454,1.0144,1.0148,1.01423,1.01454
2022-07-18 13:05:00,EUR/USD,1.01314,1.01321,1.01321,1.01342,1.01246,1.01314,1.01321,1.01342,1.01246,1.01314,1.01321,1.01342,1.01246,1.01314,1.01321,1.01342,1.01246,1.01314
2022-07-19 23:40:00,EUR/USD,1.02305,1.02315,1.02315,1.02328,1.02308,1.02315,1.02315,1.02328,1.02308,1.02315,1.02315,1.02328,1.02308,1.02315,1.02315,1.02328,1.02308,1.02315
2022-07-20 10:35:00,EUR/USD,1.02112,1.02119,1.02119,1.02158,1.01929,1.01938,1.02119,1.02158,1.01929,1.01938,1.02119,1.02158,1.01929,1.01938,1.02119,1.02158,1.01929,1.01938
2022-07-21 07:25:00,EUR/USD,1.02132,1.02138,1.02138,1.02172,1.02037,1.02042,1.02138,1.02172,1.02037,1.02042,1.02138,1.02172,1.02037,1.02042,1.02138,1.02172,1.02037,1.02042
2022-07-21 22:35:00,EUR/USD,1.02237,1.02247,1.02247,1.02249,1.02233,1.02244,1.02247,1.02249,1.02233,1.02244,1.02247,1.02249,1.02233,1.02244,1.02247,1.02249,1.02233,1.02244
2022-07-25 13:25:00,EUR/USD,1.02456,1.02463,1.02463,1.02554,1.0246,1.02487,1.02463,1.02554,1.0246,1.02487,1.02463,1.02554,1.0246,1.02487,1.02463,1.02554,1.0246,1.02487
2022-07-26 03:55:00,EUR/USD,1.02291,1.02299,1.02299,1.02307,1.02291,1.02306,1.02299,1.02307,1.02291,1.02306,1.02299,1.02307,1.02291,1.02306,1.02299,1.02307,1.02291,1.02306
2022-07-26 18:20:00,EUR/USD,1.01235,1.0124,1.0124,1.01246,1.01194,1.01239,1.0124,1.01246,1.01194,1.01239,1.0124,1.01246,1.01194,1.01239,1.0124,1.01246,1.01194,1.01239
2022-07-28 01:35:00,EUR/USD,1.02105,1.02111,1.02111,1.02153,1.02103,1.02106,1.02111,1.02153,1.02103,1.02106,1.02111,1.02153,1.02103,1.02106,1.02111,1.02153,1.02103,1.02106
2022-07-28 09:10:00,EUR/USD,1.02029,1.02038,1.02038,1.02048,1.02004,1.02012,1.02038,1.02048,1.02004,1.02012,1.02038,1.02048,1.02004,1.02012,1.02038,1.02048,1.02004,1.02012
2022-07-28 09:10:00,EUR/USD,1.0203,1.02039,1.02038,1.02048,1.02004,1.02012,1.02038,1.02048,1.02004,1.02012,1.02038,1.02048,1.02004,1.02012,1.02038,1.02048,1.02004,1.02012
2022-07-28 09:10:00,EUR/USD,1.02031,1.02038,1.02038,1.02048,1.02004,1.02012,1.02038,1.02048,1.02004,1.02012,1.02038,1.02048,1.02004,1.02012,1.02038,1.02048,1.02004,1.02012
2022-07-28 13:15:00,EUR/USD,1.01655,1.01661,1.01661,1.01727,1.01606,1.01719,1.01661,1.01727,1.01606,1.01719,1.01661,1.01727,1.01606,1.01719,1.01661,1.01727,1.01606,1.01719
2022-07-28 15:25:00,EUR/USD,1.01611,1.01619,1.01619,1.01677,1.0161,1.01637,1.01619,1.01677,1.0161,1.01637,1.01619,1.01677,1.0161,1.01637,1.01619,1.01677,1.0161,1.01637
2022-07-28 15:25:00,EUR/USD,1.01612,1.01619,1.01619,1.01677,1.0161,1.01637,1.01619,1.01677,1.0161,1.01637,1.01619,1.01677,1.0161,1.01637,1.01619,1.01677,1.0161,1.01637
2022-07-28 15:25:00,EUR/USD,1.01611,1.01619,1.01619,1.01677,1.0161,1.01637,1.01619,1.01677,1.0161,1.01637,1.01619,1.01677,1.0161,1.01637,1.01619,1.01677,1.0161,1.01637
2022-07-28 15:25:00,EUR/USD,1.01611,1.0162,1.01619,1.01677,1.0161,1.01637,1.01619,1.01677,1.0161,1.01637,1.01619,1.01677,1.0161,1.01637,1.01619,1.01677,1.0161,1.01637
2022-08-01 00:45:00,EUR/USD,1.02213,1.02224,1.02224,1.0224,1.02204,1.02221,1.02224,1.0224,1.02204,1.02221,1.02224,1.0224,1.02204,1.02221,1.02224,1.0224,1.02204,1.02221
2022-08-01 07:10:00,EUR/USD,1.02311,1.02318,1.02318,1.02372,1.0231,1.02333,1.02318,1.02372,1.0231,1.02333,1.02318,1.02372,1.0231,1.02333,1.02318,1.02372,1.0231,1.02333
2022-08-01 09:50:00,EUR/USD,1.02641,1.0265,1.0265,1.02667,1.02562,1.02567,1.0265,1.02667,1.02562,1.02567,1.0265,1.02667,1.02562,1.02567,1.0265,1.02667,1.02562,1.02567
2022-08-01 12:00:00,EUR/USD,1.02329,1.02335,1.02335,1.0235,1.02252,1.02311,1.02335,1.0235,1.02252,1.02311,1.02335,1.0235,1.02252,1.02311,1.02335,1.0235,1.02252,1.02311
2022-08-01 12:00:00,EUR/USD,1.02329,1.02336,1.02335,1.0235,1.02252,1.02311,1.02335,1.0235,1.02252,1.02311,1.02335,1.0235,1.02252,1.02311,1.02335,1.0235,1.02252,1.02311
2022-08-01 13:35:00,EUR/USD,1.02482,1.02486,1.02486,1.0251,1.02442,1.02504,1.02486,1.0251,1.02442,1.02504,1.02486,1.0251,1.02442,1.02504,1.02486,1.0251,1.02442,1.02504
2022-08-02 01:40:00,EUR/USD,1.02705,1.02713,1.02713,1.0275,1.0271,1.02727,1.02713,1.0275,1.0271,1.02727,1.02713,1.0275,1.0271,1.02727,1.02713,1.0275,1.0271,1.02727
2022-08-02 02:10:00,EUR/USD,1.02672,1.0268,1.0268,1.02682,1.02612,1.02647,1.0268,1.02682,1.02612,1.02647,1.0268,1.02682,1.02612,1.02647,1.0268,1.02682,1.02612,1.02647
2022-08-02 02:10:00,EUR/USD,1.02671,1.02682,1.0268,1.02682,1.02612,1.02647,1.0268,1.02682,1.02612,1.02647,1.0268,1.02682,1.02612,1.02647,1.0268,1.02682,1.02612,1.02647
2022-08-02 13:15:00,EUR/USD,1.02279,1.02284,1.02284,1.02318,1.02208,1.02209,1.02284,1.02318,1.02208,1.02209,1.02284,1.02318,1.02208,1.02209,1.02284,1.02318,1.02208,1.02209
2022-08-02 19:50:00,EUR/USD,1.01761,1.0177,1.0177,1.01786,1.01692,1.01693,1.0177,1.01786,1.01692,1.01693,1.0177,1.01786,1.01692,1.01693,1.0177,1.01786,1.01692,1.01693
2022-08-02 19:50:00,EUR/USD,1.01764,1.0177,1.0177,1.01786,1.01692,1.01693,1.0177,1.01786,1.01692,1.01693,1.0177,1.01786,1.01692,1.01693,1.0177,1.01786,1.01692,1.01693
2022-08-02 19:50:00,EUR/USD,1.01761,1.01771,1.0177,1.01786,1.01692,1.01693,1.0177,1.01786,1.01692,1.01693,1.0177,1.01786,1.01692,1.01693,1.0177,1.01786,1.01692,1.01693
2022-08-03 02:05:00,EUR/USD,1.01706,1.01714,1.01714,1.0174,1.01706,1.01728,1.01714,1.0174,1.01706,1.01728,1.01714,1.0174,1.01706,1.01728,1.01714,1.0174,1.01706,1.01728
2022-08-03 06:00:00,EUR/USD,1.01759,1.01766,1.01766,1.01767,1.01698,1.01712,1.01766,1.01767,1.01698,1.01712,1.01766,1.01767,1.01698,1.01712,1.01766,1.01767,1.01698,1.01712
2022-08-03 06:00:00,EUR/USD,1.01759,1.01765,1.01766,1.01767,1.01698,1.01712,1.01766,1.01767,1.01698,1.01712,1.01766,1.01767,1.01698,1.01712,1.01766,1.01767,1.01698,1.01712
2022-08-03 10:10:00,EUR/USD,1.01922,1.01931,1.01931,1.02014,1.0191,1.0198,1.01931,1.02014,1.0191,1.0198,1.01931,1.02014,1.0191,1.0198,1.01931,1.02014,1.0191,1.0198
2022-08-04 07:05:00,EUR/USD,1.01741,1.01748,1.01748,1.01851,1.01727,1.0181,1.01748,1.01851,1.01727,1.0181,1.01748,1.01851,1.01727,1.0181,1.01748,1.01851,1.01727,1.0181
2022-08-04 16:00:00,EUR/USD,1.02218,1.02226,1.02226,1.0225,1.02184,1.02232,1.02226,1.0225,1.02184,1.02232,1.02226,1.0225,1.02184,1.02232,1.02226,1.0225,1.02184,1.02232
2022-08-05 07:35:00,EUR/USD,1.02368,1.02377,1.02377,1.02392,1.02353,1.02374,1.02377,1.02392,1.02353,1.02374,1.02377,1.02392,1.02353,1.02374,1.02377,1.02392,1.02353,1.02374
2022-08-05 16:55:00,EUR/USD,1.01799,1.01808,1.01808,1.0187,1.01798,1.01831,1.01808,1.0187,1.01798,1.01831,1.01808,1.0187,1.01798,1.01831,1.01808,1.0187,1.01798,1.01831
2022-08-05 16:55:00,EUR/USD,1.018,1.01807,1.01808,1.0187,1.01798,1.01831,1.01808,1.0187,1.01798,1.01831,1.01808,1.0187,1.01798,1.01831,1.01808,1.0187,1.01798,1.01831
2022-08-08 07:10:00,EUR/USD,1.01825,1.0183,1.0183,1.01903,1.0183,1.0189,1.0183,1.01903,1.0183,1.0189,1.0183,1.01903,1.0183,1.0189,1.0183,1.01903,1.0183,1.0189
2022-08-08 07:25:00,EUR/USD,1.01916,1.01924,1.01924,1.01971,1.01906,1.01943,1.01924,1.01971,1.01906,1.01943,1.01924,1.01971,1.01906,1.01943,1.01924,1.01971,1.01906,1.01943
2022-08-08 09:45:00,EUR/USD,1.01788,1.01793,1.01793,1.01825,1.01788,1.01801,1.01793,1.01825,1.01788,1.01801,1.01793,1.01825,1.01788,1.01801,1.01793,1.01825,1.01788,1.01801
2022-08-08 14:45:00,EUR/USD,1.02089,1.02097,1.02097,1.021,1.02055,1.02061,1.02097,1.021,1.02055,1.02061,1.02097,1.021,1.02055,1.02061,1.02097,1.021,1.02055,1.02061
2022-08-11 08:45:00,EUR/USD,1.03273,1.03281,1.03281,1.0329,1.03246,1.03271,1.03281,1.0329,1.03246,1.03271,1.03281,1.0329,1.03246,1.03271,1.03281,1.0329,1.03246,1.03271
2022-08-12 06:00:00,EUR/USD,1.03149,1.03157,1.03157,1.03218,1.03151,1.03164,1.03157,1.03218,1.03151,1.03164,1.03157,1.03218,1.03151,1.03164,1.03157,1.03218,1.03151,1.03164
2022-08-14 23:10:00,EUR/USD,1.02608,1.02618,1.02618,1.02619,1.02591,1.02596,1.02618,1.02619,1.02591,1.02596,1.02618,1.02619,1.02591,1.02596,1.02618,1.02619,1.02591,1.02596
2022-08-15 06:30:00,EUR/USD,1.02402,1.02408,1.02408,1.02411,1.02327,1.02363,1.02408,1.02411,1.02327,1.02363,1.02408,1.02411,1.02327,1.02363,1.02408,1.02411,1.02327,1.02363
2022-08-15 06:30:00,EUR/USD,1.02403,1.02409,1.02408,1.02411,1.02327,1.02363,1.02408,1.02411,1.02327,1.02363,1.02408,1.02411,1.02327,1.02363,1.02408,1.02411,1.02327,1.02363
2022-08-15 10:35:00,EUR/USD,1.01954,1.01961,1.01961,1.01961,1.01902,1.01917,1.01961,1.01961,1.01902,1.01917,1.01961,1.01961,1.01902,1.01917,1.01961,1.01961,1.01902,1.01917
2022-08-16 09:00:00,EUR/USD,1.01387,1.01397,1.01397,1.01417,1.01314,1.01336,1.01397,1.01417,1.01314,1.01336,1.01397,1.01417,1.01314,1.01336,1.01397,1.01417,1.01314,1.01336
2022-08-16 10:25:00,EUR/USD,1.0139,1.01396,1.01396,1.01402,1.0133,1.01333,1.01396,1.01402,1.0133,1.01333,1.01396,1.01402,1.0133,1.01333,1.01396,1.01402,1.0133,1.01333
2022-08-17 01:25:00,EUR/USD,1.01753,1.01761,1.01761,1.01767,1.01747,1.01762,1.01761,1.01767,1.01747,1.01762,1.01761,1.01767,1.01747,1.01762,1.01761,1.01767,1.01747,1.01762
2022-08-17 01:25:00,EUR/USD,1.01753,1.0176,1.01761,1.01767,1.01747,1.01762,1.01761,1.01767,1.01747,1.01762,1.01761,1.01767,1.01747,1.01762,1.01761,1.01767,1.01747,1.01762
2022-08-17 01:25:00,EUR/USD,1.01754,1.0176,1.01761,1.01767,1.01747,1.01762,1.01761,1.01767,1.01747,1.01762,1.01761,1.01767,1.01747,1.01762,1.01761,1.01767,1.01747,1.01762
2022-08-17 11:00:00,EUR/USD,1.01742,1.01749,1.01749,1.01751,1.0171,1.01715,1.01749,1.01751,1.0171,1.01715,1.01749,1.01751,1.0171,1.01715,1.01749,1.01751,1.0171,1.01715
2022-08-17 13:35:00,EUR/USD,1.01605,1.01613,1.01613,1.01654,1.01598,1.0164,1.01613,1.01654,1.01598,1.0164,1.01613,1.01654,1.01598,1.0164,1.01613,1.01654,1.01598,1.0164
2022-08-17 14:55:00,EUR/USD,1.01666,1.01672,1.01672,1.01693,1.01616,1.01623,1.01672,1.01693,1.01616,1.01623,1.01672,1.01693,1.01616,1.01623,1.01672,1.01693,1.01616,1.01623
2022-08-18 00:00:00,EUR/USD,1.01774,1.0178,1.0178,1.01821,1.01747,1.01818,1.0178,1.01821,1.01747,1.01818,1.0178,1.01821,1.01747,1.01818,1.0178,1.01821,1.01747,1.01818
2022-08-18 00:00:00,EUR/USD,1.01773,1.01782,1.0178,1.01821,1.01747,1.01818,1.0178,1.01821,1.01747,1.01818,1.0178,1.01821,1.01747,1.01818,1.0178,1.01821,1.01747,1.01818
2022-08-18 12:20:00,EUR/USD,1.01749,1.01756,1.01756,1.01849,1.01753,1.01848,1.01756,1.01849,1.01753,1.01848,1.01756,1.01849,1.01753,1.01848,1.01756,1.01849,1.01753,1.01848
2022-08-18 16:45:00,EUR/USD,1.00983,1.00989,1.00989,1.01006,1.00957,1.00981,1.00989,1.01006,1.00957,1.00981,1.00989,1.01006,1.00957,1.00981,1.00989,1.01006,1.00957,1.00981
2022-08-19 14:40:00,EUR/USD,1.00431,1.00436,1.00436,1.00469,1.0042,1.00424,1.00436,1.00469,1.0042,1.00424,1.00436,1.00469,1.0042,1.00424,1.00436,1.00469,1.0042,1.00424
2022-08-22 02:35:00,EUR/USD,1.00307,1.00315,1.00315,1.00332,1.00309,1.00329,1.00315,1.00332,1.00309,1.00329,1.00315,1.00332,1.00309,1.00329,1.00315,1.00332,1.00309,1.00329
2022-08-22 02:55:00,EUR/USD,1.00358,1.00365,1.00365,1.00461,1.00362,1.00456,1.00365,1.00461,1.00362,1.00456,1.00365,1.00461,1.00362,1.00456,1.00365,1.00461,1.00362,1.00456
2022-08-22 02:55:00,EUR/USD,1.00358,1.00366,1.00365,1.00461,1.00362,1.00456,1.00365,1.00461,1.00362,1.00456,1.00365,1.00461,1.00362,1.00456,1.00365,1.00461,1.00362,1.00456
2022-08-22 14:35:00,EUR/USD,0.9974,0.99745,0.99745,0.99753,0.99679,0.99715,0.99745,0.99753,0.99679,0.99715,0.99745,0.99753,0.99679,0.99715,0.99745,0.99753,0.99679,0.99715
2022-08-22 15:55:00,EUR/USD,0.99346,0.99353,0.99353,0.99407,0.99339,0.99351,0.99353,0.99407,0.99339,0.99351,0.99353,0.99407,0.99339,0.99351,0.99353,0.99407,0.99339,0.99351
2022-08-22 20:15:00,EUR/USD,0.99436,0.99447,0.99447,0.99448,0.99425,0.9944,0.99447,0.99448,0.99425,0.9944,0.99447,0.99448,0.99425,0.9944,0.99447,0.99448,0.99425,0.9944
2022-08-23 05:20:00,EUR/USD,0.99306,0.99314,0.99314,0.99315,0.99154,0.99201,0.99314,0.99315,0.99154,0.99201,0.99314,0.99315,0.99154,0.99201,0.99314,0.99315,0.99154,0.99201
2022-08-23 08:45:00,EUR/USD,0.99384,0.9939,0.9939,0.99402,0.99313,0.99316,0.9939,0.99402,0.99313,0.99316,0.9939,0.99402,0.99313,0.99316,0.9939,0.99402,0.99313,0.99316
2022-08-23 16:15:00,EUR/USD,0.99698,0.99704,0.99704,0.99709,0.99672,0.99693,0.99704,0.99709,0.99672,0.99693,0.99704,0.99709,0.99672,0.99693,0.99704,0.99709,0.99672,0.99693
2022-08-24 00:55:00,EUR/USD,0.99543,0.9955,0.9955,0.99565,0.99523,0.99531,0.9955,0.99565,0.99523,0.99531,0.9955,0.99565,0.99523,0.99531,0.9955,0.99565,0.99523,0.99531
2022-08-24 14:50:00,EUR/USD,0.99552,0.99557,0.99557,0.99874,0.99528,0.99873,0.99557,0.99874,0.99528,0.99873,0.99557,0.99874,0.99528,0.99873,0.99557,0.99874,0.99528,0.99873
2022-08-25 14:50:00,EUR/USD,0.9999,0.99996,0.99996,1.0001,0.99826,0.99849,0.99996,1.0001,0.99826,0.99849,0.99996,1.0001,0.99826,0.99849,0.99996,1.0001,0.99826,0.99849
2022-08-25 14:50:00,EUR/USD,0.99989,0.99996,0.99996,1.0001,0.99826,0.99849,0.99996,1.0001,0.99826,0.99849,0.99996,1.0001,0.99826,0.99849,0.99996,1.0001,0.99826,0.99849
2022-08-25 19:45:00,EUR/USD,0.99766,0.9977,0.9977,0.99793,0.99749,0.99784,0.9977,0.99793,0.99749,0.99784,0.9977,0.99793,0.99749,0.99784,0.9977,0.99793,0.99749,0.99784
2022-08-25 19:45:00,EUR/USD,0.99767,0.99774,0.9977,0.99793,0.99749,0.99784,0.9977,0.99793,0.99749,0.99784,0.9977,0.99793,0.99749,0.99784,0.9977,0.99793,0.99749,0.99784
2022-08-25 22:55:00,EUR/USD,0.99744,0.99751,0.99751,0.99759,0.99748,0.99752,0.99751,0.99759,0.99748,0.99752,0.99751,0.99759,0.99748,0.99752,0.99751,0.99759,0.99748,0.99752
2022-08-26 13:55:00,EUR/USD,1.00649,1.00656,1.00656,1.00678,1.00619,1.00659,1.00656,1.00678,1.00619,1.00659,1.00656,1.00678,1.00619,1.00659,1.00656,1.00678,1.00619,1.00659
2022-08-26 16:00:00,EUR/USD,0.99966,0.99972,0.99972,1.0,0.99927,0.99956,0.99972,1.0,0.99927,0.99956,0.99972,1.0,0.99927,0.99956,0.99972,1.0,0.99927,0.99956
2022-08-29 10:20:00,EUR/USD,0.99679,0.99686,0.99686,0.99797,0.99675,0.99791,0.99686,0.99797,0.99675,0.99791,0.99686,0.99797,0.99675,0.99791,0.99686,0.99797,0.99675,0.99791
2022-08-29 13:05:00,EUR/USD,1.00083,1.00091,1.00091,1.0013,1.00037,1.00098,1.00091,1.0013,1.00037,1.00098,1.00091,1.0013,1.00037,1.00098,1.00091,1.0013,1.00037,1.00098
2022-08-30 08:20:00,EUR/USD,1.00264,1.0027,1.0027,1.00273,1.00211,1.0025,1.0027,1.00273,1.00211,1.0025,1.0027,1.00273,1.00211,1.0025,1.0027,1.00273,1.00211,1.0025
2022-08-31 08:00:00,EUR/USD,1.00011,1.00017,1.00017,1.00112,0.99999,1.00094,1.00017,1.00112,0.99999,1.00094,1.00017,1.00112,0.99999,1.00094,1.00017,1.00112,0.99999,1.00094
2022-08-31 15:35:00,EUR/USD,1.00621,1.00621,1.00621,1.00736,1.00617,1.00736,1.00621,1.00736,1.00617,1.00736,1.00621,1.00736,1.00617,1.00736,1.00621,1.00736,1.00617,1.00736
2022-09-01 09:20:00,EUR/USD,1.00296,1.00304,1.00304,1.00338,1.00272,1.00335,1.00304,1.00338,1.00272,1.00335,1.00304,1.00338,1.00272,1.00335,1.00304,1.00338,1.00272,1.00335
2022-09-01 12:00:00,EUR/USD,1.0004,1.00045,1.00045,1.00061,1.00013,1.00036,1.00045,1.00061,1.00013,1.00036,1.00045,1.00061,1.00013,1.00036,1.00045,1.00061,1.00013,1.00036
2022-09-01 16:15:00,EUR/USD,0.99519,0.99527,0.99527,0.99578,0.99525,0.99577,0.99527,0.99578,0.99525,0.99577,0.99527,0.99578,0.99525,0.99577,0.99527,0.99578,0.99525,0.99577
2022-09-02 05:45:00,EUR/USD,0.99724,0.99731,0.99731,0.99733,0.997,0.99711,0.99731,0.99733,0.997,0.99711,0.99731,0.99733,0.997,0.99711,0.99731,0.99733,0.997,0.99711
2022-09-02 06:20:00,EUR/USD,0.99668,0.99672,0.99672,0.99696,0.99656,0.99682,0.99672,0.99696,0.99656,0.99682,0.99672,0.99696,0.99656,0.99682,0.99672,0.99696,0.99656,0.99682
2022-09-02 07:35:00,EUR/USD,0.99873,0.99878,0.99878,0.99924,0.99863,0.9992,0.99878,0.99924,0.99863,0.9992,0.99878,0.99924,0.99863,0.9992,0.99878,0.99924,0.99863,0.9992
2022-09-02 07:35:00,EUR/USD,0.99874,0.9988,0.99878,0.99924,0.99863,0.9992,0.99878,0.99924,0.99863,0.9992,0.99878,0.99924,0.99863,0.9992,0.99878,0.99924,0.99863,0.9992
2022-09-02 15:00:00,EUR/USD,1.00255,1.00259,1.00259,1.00276,1.00208,1.00248,1.00259,1.00276,1.00208,1.00248,1.00259,1.00276,1.00208,1.00248,1.00259,1.00276,1.00208,1.00248
2022-09-02 16:45:00,EUR/USD,0.99655,0.99661,0.99661,0.99745,0.99638,0.99734,0.99661,0.99745,0.99638,0.99734,0.99661,0.99745,0.99638,0.99734,0.99661,0.99745,0.99638,0.99734
2022-09-05 02:25:00,EUR/USD,0.99018,0.99027,0.99027,0.99101,0.99017,0.99091,0.99027,0.99101,0.99017,0.99091,0.99027,0.99101,0.99017,0.99091,0.99027,0.99101,0.99017,0.99091
2022-09-05 02:25:00,EUR/USD,0.99019,0.99026,0.99027,0.99101,0.99017,0.99091,0.99027,0.99101,0.99017,0.99091,0.99027,0.99101,0.99017,0.99091,0.99027,0.99101,0.99017,0.99091
2022-09-05 08:00:00,EUR/USD,0.9911,0.99115,0.99115,0.9913,0.99057,0.99064,0.99115,0.9913,0.99057,0.99064,0.99115,0.9913,0.99057,0.99064,0.99115,0.9913,0.99057,0.99064
2022-09-05 12:50:00,EUR/USD,0.99241,0.99251,0.99251,0.99277,0.99229,0.99235,0.99251,0.99277,0.99229,0.99235,0.99251,0.99277,0.99229,0.99235,0.99251,0.99277,0.99229,0.99235
2022-09-06 10:20:00,EUR/USD,0.99367,0.99374,0.99374,0.99493,0.99355,0.99466,0.99374,0.99493,0.99355,0.99466,0.99374,0.99493,0.99355,0.99466,0.99374,0.99493,0.99355,0.99466
2022-09-06 11:00:00,EUR/USD,0.99255,0.99261,0.99261,0.99344,0.99256,0.99319,0.99261,0.99344,0.99256,0.99319,0.99261,0.99344,0.99256,0.99319,0.99261,0.99344,0.99256,0.99319
2022-09-06 12:20:00,EUR/USD,0.99255,0.9926,0.9926,0.99299,0.99246,0.99248,0.9926,0.99299,0.99246,0.99248,0.9926,0.99299,0.99246,0.99248,0.9926,0.99299,0.99246,0.99248
2022-09-06 14:30:00,EUR/USD,0.98993,0.98999,0.98999,0.99014,0.98948,0.98964,0.98999,0.99014,0.98948,0.98964,0.98999,0.99014,0.98948,0.98964,0.98999,0.99014,0.98948,0.98964
2022-09-08 06:15:00,EUR/USD,1.00094,1.001,1.001,1.00154,1.00099,1.0012,1.001,1.00154,1.00099,1.0012,1.001,1.00154,1.00099,1.0012,1.001,1.00154,1.00099,1.0012
2022-09-08 06:15:00,EUR/USD,1.00094,1.00101,1.001,1.00154,1.00099,1.0012,1.001,1.00154,1.00099,1.0012,1.001,1.00154,1.00099,1.0012,1.001,1.00154,1.00099,1.0012
2022-09-08 13:30:00,EUR/USD,0.99617,0.99624,0.99624,0.99628,0.99509,0.99572,0.99624,0.99628,0.99509,0.99572,0.99624,0.99628,0.99509,0.99572,0.99624,0.99628,0.99509,0.99572
2022-09-08 13:40:00,EUR/USD,0.99714,0.99722,0.99722,0.99904,0.99625,0.99883,0.99722,0.99904,0.99625,0.99883,0.99722,0.99904,0.99625,0.99883,0.99722,0.99904,0.99625,0.99883
2022-09-08 15:10:00,EUR/USD,0.99636,0.99643,0.99643,0.99709,0.99634,0.99708,0.99643,0.99709,0.99634,0.99708,0.99643,0.99709,0.99634,0.99708,0.99643,0.99709,0.99634,0.99708
2022-09-08 21:00:00,EUR/USD,0.99948,0.99997,0.99997,1.00002,0.99987,0.99989,0.99997,1.00002,0.99987,0.99989,0.99997,1.00002,0.99987,0.99989,0.99997,1.00002,0.99987,0.99989
2022-09-09 01:40:00,EUR/USD,1.00504,1.00511,1.00511,1.00546,1.00511,1.00534,1.00511,1.00546,1.00511,1.00534,1.00511,1.00546,1.00511,1.00534,1.00511,1.00546,1.00511,1.00534
2022-09-09 08:20:00,EUR/USD,1.01058,1.01063,1.01063,1.01085,1.01001,1.01014,1.01063,1.01085,1.01001,1.01014,1.01063,1.01085,1.01001,1.01014,1.01063,1.01085,1.01001,1.01014
2022-09-09 08:50:00,EUR/USD,1.01056,1.01061,1.01061,1.01102,1.0102,1.01096,1.01061,1.01102,1.0102,1.01096,1.01061,1.01102,1.0102,1.01096,1.01061,1.01102,1.0102,1.01096
2022-09-09 10:10:00,EUR/USD,1.00852,1.00858,1.00858,1.00876,1.00819,1.00849,1.00858,1.00876,1.00819,1.00849,1.00858,1.00876,1.00819,1.00849,1.00858,1.00876,1.00819,1.00849
2022-09-09 14:00:00,EUR/USD,1.00494,1.00502,1.00502,1.00596,1.00465,1.00568,1.00502,1.00596,1.00465,1.00568,1.00502,1.00596,1.00465,1.00568,1.00502,1.00596,1.00465,1.00568
2022-09-09 15:10:00,EUR/USD,1.00436,1.00439,1.00439,1.00507,1.00417,1.00481,1.00439,1.00507,1.00417,1.00481,1.00439,1.00507,1.00417,1.00481,1.00439,1.00507,1.00417,1.00481
2022-09-09 15:10:00,EUR/USD,1.00436,1.00443,1.00439,1.00507,1.00417,1.00481,1.00439,1.00507,1.00417,1.00481,1.00439,1.00507,1.00417,1.00481,1.00439,1.00507,1.00417,1.00481
2022-09-11 22:50:00,EUR/USD,1.00678,1.0069,1.0069,1.00713,1.00669,1.00674,1.0069,1.00713,1.00669,1.00674,1.0069,1.00713,1.00669,1.00674,1.0069,1.00713,1.00669,1.00674
2022-09-12 05:45:00,EUR/USD,1.00893,1.00899,1.00899,1.00911,1.00878,1.00891,1.00899,1.00911,1.00878,1.00891,1.00899,1.00911,1.00878,1.00891,1.00899,1.00911,1.00878,1.00891
2022-09-12 12:10:00,EUR/USD,1.01471,1.01476,1.01476,1.01579,1.01475,1.01552,1.01476,1.01579,1.01475,1.01552,1.01476,1.01579,1.01475,1.01552,1.01476,1.01579,1.01475,1.01552
2022-09-12 12:45:00,EUR/USD,1.01383,1.01389,1.01389,1.01421,1.01375,1.01379,1.01389,1.01421,1.01375,1.01379,1.01389,1.01421,1.01375,1.01379,1.01389,1.01421,1.01375,1.01379
2022-09-12 19:35:00,EUR/USD,1.01151,1.01157,1.01157,1.01182,1.01155,1.0118,1.01157,1.01182,1.01155,1.0118,1.01157,1.01182,1.01155,1.0118,1.01157,1.01182,1.01155,1.0118
2022-09-13 06:15:00,EUR/USD,1.01461,1.0147,1.0147,1.01493,1.01457,1.01465,1.0147,1.01493,1.01457,1.01465,1.0147,1.01493,1.01457,1.01465,1.0147,1.01493,1.01457,1.01465
2022-09-13 10:00:00,EUR/USD,1.01655,1.01661,1.01661,1.01671,1.01643,1.01651,1.01661,1.01671,1.01643,1.01651,1.01661,1.01671,1.01643,1.01651,1.01661,1.01671,1.01643,1.01651
2022-09-13 12:05:00,EUR/USD,1.01765,1.01771,1.01771,1.01781,1.01756,1.01775,1.01771,1.01781,1.01756,1.01775,1.01771,1.01781,1.01756,1.01775,1.01771,1.01781,1.01756,1.01775
2022-09-14 08:25:00,EUR/USD,0.99975,0.99982,0.99982,1.00007,0.99948,0.9996,0.99982,1.00007,0.99948,0.9996,0.99982,1.00007,0.99948,0.9996,0.99982,1.00007,0.99948,0.9996
2022-09-14 20:00:00,EUR/USD,0.99794,0.998,0.998,0.99806,0.99782,0.99792,0.998,0.99806,0.99782,0.99792,0.998,0.99806,0.99782,0.99792,0.998,0.99806,0.99782,0.99792
2022-09-15 03:05:00,EUR/USD,0.99695,0.99701,0.99701,0.99721,0.99697,0.99717,0.99701,0.99721,0.99697,0.99717,0.99701,0.99721,0.99697,0.99717,0.99701,0.99721,0.99697,0.99717
2022-09-15 06:05:00,EUR/USD,0.9967,0.99677,0.99677,0.99683,0.99654,0.99659,0.99677,0.99683,0.99654,0.99659,0.99677,0.99683,0.99654,0.99659,0.99677,0.99683,0.99654,0.99659
2022-09-15 06:05:00,EUR/USD,0.99669,0.99677,0.99677,0.99683,0.99654,0.99659,0.99677,0.99683,0.99654,0.99659,0.99677,0.99683,0.99654,0.99659,0.99677,0.99683,0.99654,0.99659
2022-09-15 06:35:00,EUR/USD,0.99605,0.99612,0.99612,0.99659,0.99599,0.99613,0.99612,0.99659,0.99599,0.99613,0.99612,0.99659,0.99599,0.99613,0.99612,0.99659,0.99599,0.99613
2022-09-15 17:15:00,EUR/USD,1.00089,1.00095,1.00095,1.00121,1.00077,1.00112,1.00095,1.00121,1.00077,1.00112,1.00095,1.00121,1.00077,1.00112,1.00095,1.00121,1.00077,1.00112
2022-09-15 19:55:00,EUR/USD,0.9997,0.99975,0.99975,1.00001,0.99948,0.99951,0.99975,1.00001,0.99948,0.99951,0.99975,1.00001,0.99948,0.99951,0.99975,1.00001,0.99948,0.99951
2022-09-15 19:55:00,EUR/USD,0.99968,0.99976,0.99975,1.00001,0.99948,0.99951,0.99975,1.00001,0.99948,0.99951,0.99975,1.00001,0.99948,0.99951,0.99975,1.00001,0.99948,0.99951
2022-09-16 06:35:00,EUR/USD,0.99827,0.99835,0.99835,0.99898,0.99828,0.99886,0.99835,0.99898,0.99828,0.99886,0.99835,0.99898,0.99828,0.99886,0.99835,0.99898,0.99828,0.99886
2022-09-16 14:20:00,EUR/USD,0.99883,0.99889,0.99889,0.99937,0.99859,0.99899,0.99889,0.99937,0.99859,0.99899,0.99889,0.99937,0.99859,0.99899,0.99889,0.99937,0.99859,0.99899
2022-09-18 22:25:00,EUR/USD,1.00114,1.00119,1.00119,1.00134,1.00114,1.00125,1.00119,1.00134,1.00114,1.00125,1.00119,1.00134,1.00114,1.00125,1.00119,1.00134,1.00114,1.00125
2022-09-19 12:10:00,EUR/USD,0.99905,0.99912,0.99912,0.99933,0.99876,0.999,0.99912,0.99933,0.99876,0.999,0.99912,0.99933,0.99876,0.999,0.99912,0.99933,0.99876,0.999
2022-09-20 07:40:00,EUR/USD,1.00236,1.00241,1.00241,1.00297,1.00231,1.00295,1.00241,1.00297,1.00231,1.00295,1.00241,1.00297,1.00231,1.00295,1.00241,1.00297,1.00231,1.00295
2022-09-20 08:40:00,EUR/USD,1.0009,1.00096,1.00096,1.00106,1.00057,1.00066,1.00096,1.00106,1.00057,1.00066,1.00096,1.00106,1.00057,1.00066,1.00096,1.00106,1.00057,1.00066
2022-09-20 12:40:00,EUR/USD,0.99633,0.9964,0.9964,0.99706,0.99636,0.99674,0.9964,0.99706,0.99636,0.99674,0.9964,0.99706,0.99636,0.99674,0.9964,0.99706,0.99636,0.99674
2022-09-20 12:45:00,EUR/USD,0.99666,0.99674,0.99674,0.99701,0.99554,0.99566,0.99674,0.99701,0.99554,0.99566,0.99674,0.99701,0.99554,0.99566,0.99674,0.99701,0.99554,0.99566
2022-09-20 17:10:00,EUR/USD,0.99817,0.99822,0.99822,0.99838,0.99741,0.99749,0.99822,0.99838,0.99741,0.99749,0.99822,0.99838,0.99741,0.99749,0.99822,0.99838,0.99741,0.99749
2022-09-21 00:55:00,EUR/USD,0.99664,0.99673,0.99673,0.99678,0.99613,0.9963,0.99673,0.99678,0.99613,0.9963,0.99673,0.99678,0.99613,0.9963,0.99673,0.99678,0.99613,0.9963
2022-09-21 06:10:00,EUR/USD,0.99475,0.99484,0.99484,0.99506,0.99311,0.99333,0.99484,0.99506,0.99311,0.99333,0.99484,0.99506,0.99311,0.99333,0.99484,0.99506,0.99311,0.99333
2022-09-21 06:55:00,EUR/USD,0.98981,0.9899,0.9899,0.99067,0.98871,0.9898,0.9899,0.99067,0.98871,0.9898,0.9899,0.99067,0.98871,0.9898,0.9899,0.99067,0.98871,0.9898
2022-09-21 15:50:00,EUR/USD,0.98825,0.98831,0.98831,0.98858,0.98812,0.98838,0.98831,0.98858,0.98812,0.98838,0.98831,0.98858,0.98812,0.98838,0.98831,0.98858,0.98812,0.98838
2022-09-21 18:10:00,EUR/USD,0.98369,0.98378,0.98378,0.98435,0.98261,0.98318,0.98378,0.98435,0.98261,0.98318,0.98378,0.98435,0.98261,0.98318,0.98378,0.98435,0.98261,0.98318
2022-09-22 03:00:00,EUR/USD,0.98221,0.9823,0.9823,0.98387,0.98114,0.98206,0.9823,0.98387,0.98114,0.98206,0.9823,0.98387,0.98114,0.98206,0.9823,0.98387,0.98114,0.98206
2022-09-22 13:30:00,EUR/USD,0.98597,0.98604,0.98604,0.98688,0.98573,0.98581,0.98604,0.98688,0.98573,0.98581,0.98604,0.98688,0.98573,0.98581,0.98604,0.98688,0.98573,0.98581
2022-09-22 17:10:00,EUR/USD,0.98435,0.98443,0.98443,0.98509,0.9844,0.98473,0.98443,0.98509,0.9844,0.98473,0.98443,0.98509,0.9844,0.98473,0.98443,0.98509,0.9844,0.98473
2022-09-23 12:25:00,EUR/USD,0.97673,0.97679,0.97679,0.97689,0.97614,0.9764,0.97679,0.97689,0.97614,0.9764,0.97679,0.97689,0.97614,0.9764,0.97679,0.97689,0.97614,0.9764
2022-09-23 12:25:00,EUR/USD,0.97673,0.97678,0.97679,0.97689,0.97614,0.9764,0.97679,0.97689,0.97614,0.9764,0.97679,0.97689,0.97614,0.9764,0.97679,0.97689,0.97614,0.9764
2022-09-23 13:50:00,EUR/USD,0.97416,0.97422,0.97422,0.97504,0.97369,0.97431,0.97422,0.97504,0.97369,0.97431,0.97422,0.97504,0.97369,0.97431,0.97422,0.97504,0.97369,0.97431
2022-09-23 18:05:00,EUR/USD,0.96913,0.96922,0.96922,0.96947,0.96879,0.96897,0.96922,0.96947,0.96879,0.96897,0.96922,0.96947,0.96879,0.96897,0.96922,0.96947,0.96879,0.96897
2022-09-26 01:50:00,EUR/USD,0.96532,0.96539,0.96539,0.96565,0.96494,0.96518,0.96539,0.96565,0.96494,0.96518,0.96539,0.96565,0.96494,0.96518,0.96539,0.96565,0.96494,0.96518
2022-09-26 20:30:00,EUR/USD,0.96109,0.96116,0.96116,0.96125,0.96075,0.96082,0.96116,0.96125,0.96075,0.96082,0.96116,0.96125,0.96075,0.96082,0.96116,0.96125,0.96075,0.96082
2022-09-27 06:25:00,EUR/USD,0.96626,0.96635,0.96635,0.96673,0.96572,0.96602,0.96635,0.96673,0.96572,0.96602,0.96635,0.96673,0.96572,0.96602,0.96635,0.96673,0.96572,0.96602
2022-09-27 08:25:00,EUR/USD,0.96361,0.96367,0.96367,0.96372,0.96344,0.96371,0.96367,0.96372,0.96344,0.96371,0.96367,0.96372,0.96344,0.96371,0.96367,0.96372,0.96344,0.96371
2022-09-27 18:05:00,EUR/USD,0.9585,0.95854,0.95854,0.95855,0.95811,0.95819,0.95854,0.95855,0.95811,0.95819,0.95854,0.95855,0.95811,0.95819,0.95854,0.95855,0.95811,0.95819
2022-09-27 19:45:00,EUR/USD,0.95909,0.95914,0.95914,0.95914,0.95855,0.95892,0.95914,0.95914,0.95855,0.95892,0.95914,0.95914,0.95855,0.95892,0.95914,0.95914,0.95855,0.95892
2022-09-28 07:55:00,EUR/USD,0.95799,0.95805,0.95805,0.95878,0.95767,0.9578,0.95805,0.95878,0.95767,0.9578,0.95805,0.95878,0.95767,0.9578,0.95805,0.95878,0.95767,0.9578
2022-09-28 11:15:00,EUR/USD,0.95579,0.95588,0.95588,0.95643,0.95527,0.95629,0.95588,0.95643,0.95527,0.95629,0.95588,0.95643,0.95527,0.95629,0.95588,0.95643,0.95527,0.95629
2022-09-28 11:15:00,EUR/USD,0.9558,0.95588,0.95588,0.95643,0.95527,0.95629,0.95588,0.95643,0.95527,0.95629,0.95588,0.95643,0.95527,0.95629,0.95588,0.95643,0.95527,0.95629
2022-09-28 16:05:00,EUR/USD,0.97009,0.97014,0.97014,0.97022,0.96908,0.96944,0.97014,0.97022,0.96908,0.96944,0.97014,0.97022,0.96908,0.96944,0.97014,0.97022,0.96908,0.96944
2022-09-28 19:45:00,EUR/USD,0.9729,0.97296,0.97296,0.9735,0.97291,0.97327,0.97296,0.9735,0.97291,0.97327,0.97296,0.9735,0.97291,0.97327,0.97296,0.9735,0.97291,0.97327
2022-09-29 01:50:00,EUR/USD,0.9688,0.96888,0.96888,0.96897,0.96844,0.96848,0.96888,0.96897,0.96844,0.96848,0.96888,0.96897,0.96844,0.96848,0.96888,0.96897,0.96844,0.96848
2022-09-29 12:40:00,EUR/USD,0.97007,0.97013,0.97013,0.97081,0.9696,0.97039,0.97013,0.97081,0.9696,0.97039,0.97013,0.97081,0.9696,0.97039,0.97013,0.97081,0.9696,0.97039
2022-09-29 13:35:00,EUR/USD,0.97283,0.97289,0.97289,0.97497,0.97272,0.97452,0.97289,0.97497,0.97272,0.97452,0.97289,0.97497,0.97272,0.97452,0.97289,0.97497,0.97272,0.97452
2022-09-29 14:55:00,EUR/USD,0.97623,0.97629,0.97629,0.97701,0.9761,0.97657,0.97629,0.97701,0.9761,0.97657,0.97629,0.97701,0.9761,0.97657,0.97629,0.97701,0.9761,0.97657
2022-09-29 15:55:00,EUR/USD,0.97792,0.97798,0.97798,0.97807,0.97737,0.97739,0.97798,0.97807,0.97737,0.97739,0.97798,0.97807,0.97737,0.97739,0.97798,0.97807,0.97737,0.97739
2022-09-29 16:10:00,EUR/USD,0.97901,0.97907,0.97907,0.97973,0.97895,0.97965,0.97907,0.97973,0.97895,0.97965,0.97907,0.97973,0.97895,0.97965,0.97907,0.97973,0.97895,0.97965
2022-09-30 17:20:00,EUR/USD,0.97863,0.97868,0.97868,0.97873,0.97829,0.97859,0.97868,0.97873,0.97829,0.97859,0.97868,0.97873,0.97829,0.97859,0.97868,0.97873,0.97829,0.97859
2022-10-03 04:05:00,EUR/USD,0.98016,0.98022,0.98022,0.98029,0.97923,0.97927,0.98022,0.98029,0.97923,0.97927,0.98022,0.98029,0.97923,0.97927,0.98022,0.98029,0.97923,0.97927
2022-10-03 10:30:00,EUR/USD,0.97838,0.97844,0.97844,0.97853,0.97796,0.97825,0.97844,0.97853,0.97796,0.97825,0.97844,0.97853,0.97796,0.97825,0.97844,0.97853,0.97796,0.97825
2022-10-03 11:55:00,EUR/USD,0.97565,0.97571,0.97571,0.97696,0.9756,0.97686,0.97571,0.97696,0.9756,0.97686,0.97571,0.97696,0.9756,0.97686,0.97571,0.97696,0.9756,0.97686
2022-10-03 12:25:00,EUR/USD,0.97686,0.97692,0.97692,0.97736,0.97669,0.97675,0.97692,0.97736,0.97669,0.97675,0.97692,0.97736,0.97669,0.97675,0.97692,0.97736,0.97669,0.97675
2022-10-03 13:35:00,EUR/USD,0.97631,0.97636,0.97636,0.97671,0.97592,0.97611,0.97636,0.97671,0.97592,0.97611,0.97636,0.97671,0.97592,0.97611,0.97636,0.97671,0.97592,0.97611
2022-10-03 13:35:00,EUR/USD,0.9763,0.97637,0.97636,0.97671,0.97592,0.97611,0.97636,0.97671,0.97592,0.97611,0.97636,0.97671,0.97592,0.97611,0.97636,0.97671,0.97592,0.97611
2022-10-03 13:40:00,EUR/USD,0.97605,0.97611,0.97611,0.97687,0.97582,0.97656,0.97611,0.97687,0.97582,0.97656,0.97611,0.97687,0.97582,0.97656,0.97611,0.97687,0.97582,0.97656
2022-10-04 06:45:00,EUR/USD,0.98649,0.98659,0.98659,0.98712,0.98651,0.98668,0.98659,0.98712,0.98651,0.98668,0.98659,0.98712,0.98651,0.98668,0.98659,0.98712,0.98651,0.98668
2022-10-04 07:40:00,EUR/USD,0.98797,0.98806,0.98806,0.98871,0.98755,0.98855,0.98806,0.98871,0.98755,0.98855,0.98806,0.98871,0.98755,0.98855,0.98806,0.98871,0.98755,0.98855
2022-10-04 14:05:00,EUR/USD,0.99503,0.99509,0.99509,0.99585,0.99436,0.9944,0.99509,0.99585,0.99436,0.9944,0.99509,0.99585,0.99436,0.9944,0.99509,0.99585,0.99436,0.9944
2022-10-04 14:05:00,EUR/USD,0.99504,0.9951,0.99509,0.99585,0.99436,0.9944,0.99509,0.99585,0.99436,0.9944,0.99509,0.99585,0.99436,0.9944,0.99509,0.99585,0.99436,0.9944
2022-10-04 20:05:00,EUR/USD,0.9987,0.99878,0.99878,0.99928,0.99865,0.99893,0.99878,0.99928,0.99865,0.99893,0.99878,0.99928,0.99865,0.99893,0.99878,0.99928,0.99865,0.99893
2022-10-05 05:55:00,EUR/USD,0.99706,0.99715,0.99715,0.9973,0.99631,0.99641,0.99715,0.9973,0.99631,0.99641,0.99715,0.9973,0.99631,0.99641,0.99715,0.9973,0.99631,0.99641
2022-10-05 07:20:00,EUR/USD,0.99514,0.99523,0.99523,0.99587,0.9951,0.99582,0.99523,0.99587,0.9951,0.99582,0.99523,0.99587,0.9951,0.99582,0.99523,0.99587,0.9951,0.99582
2022-10-05 14:05:00,EUR/USD,0.98465,0.98473,0.98473,0.98588,0.98466,0.9854,0.98473,0.98588,0.98466,0.9854,0.98473,0.98588,0.98466,0.9854,0.98473,0.98588,0.98466,0.9854
2022-10-06 07:05:00,EUR/USD,0.99028,0.99037,0.99037,0.99087,0.99027,0.99045,0.99037,0.99087,0.99027,0.99045,0.99037,0.99087,0.99027,0.99045,0.99037,0.99087,0.99027,0.99045
2022-10-06 11:15:00,EUR/USD,0.98836,0.98845,0.98845,0.98937,0.98833,0.98893,0.98845,0.98937,0.98833,0.98893,0.98845,0.98937,0.98833,0.98893,0.98845,0.98937,0.98833,0.98893
2022-10-06 11:15:00,EUR/USD,0.98837,0.98845,0.98845,0.98937,0.98833,0.98893,0.98845,0.98937,0.98833,0.98893,0.98845,0.98937,0.98833,0.98893,0.98845,0.98937,0.98833,0.98893
2022-10-06 15:05:00,EUR/USD,0.98384,0.98389,0.98389,0.98442,0.98374,0.98389,0.98389,0.98442,0.98374,0.98389,0.98389,0.98442,0.98374,0.98389,0.98389,0.98442,0.98374,0.98389
2022-10-07 05:55:00,EUR/USD,0.98023,0.98031,0.98031,0.98045,0.9801,0.98017,0.98031,0.98045,0.9801,0.98017,0.98031,0.98045,0.9801,0.98017,0.98031,0.98045,0.9801,0.98017
2022-10-07 16:15:00,EUR/USD,0.97791,0.97798,0.97798,0.97824,0.97789,0.97809,0.97798,0.97824,0.97789,0.97809,0.97798,0.97824,0.97789,0.97809,0.97798,0.97824,0.97789,0.97809
2022-10-11 00:55:00,EUR/USD,0.97212,0.97222,0.97222,0.97234,0.97194,0.97209,0.97222,0.97234,0.97194,0.97209,0.97222,0.97234,0.97194,0.97209,0.97222,0.97234,0.97194,0.97209
2022-10-12 00:00:00,EUR/USD,0.97002,0.9701,0.9701,0.97037,0.96924,0.96977,0.9701,0.97037,0.96924,0.96977,0.9701,0.97037,0.96924,0.96977,0.9701,0.97037,0.96924,0.96977
2022-10-12 13:20:00,EUR/USD,0.97043,0.9705,0.9705,0.97062,0.96995,0.97033,0.9705,0.97062,0.96995,0.97033,0.9705,0.97062,0.96995,0.97033,0.9705,0.97062,0.96995,0.97033
2022-10-12 13:20:00,EUR/USD,0.97044,0.97049,0.9705,0.97062,0.96995,0.97033,0.9705,0.97062,0.96995,0.97033,0.9705,0.97062,0.96995,0.97033,0.9705,0.97062,0.96995,0.97033
2022-10-12 17:00:00,EUR/USD,0.96833,0.96838,0.96838,0.96866,0.96811,0.96832,0.96838,0.96866,0.96811,0.96832,0.96838,0.96866,0.96811,0.96832,0.96838,0.96866,0.96811,0.96832
2022-10-12 17:00:00,EUR/USD,0.96834,0.9684,0.96838,0.96866,0.96811,0.96832,0.96838,0.96866,0.96811,0.96832,0.96838,0.96866,0.96811,0.96832,0.96838,0.96866,0.96811,0.96832
2022-10-12 22:30:00,EUR/USD,0.97077,0.97089,0.97089,0.97092,0.97082,0.9709,0.97089,0.97092,0.97082,0.9709,0.97089,0.97092,0.97082,0.9709,0.97089,0.97092,0.97082,0.9709
2022-10-13 06:00:00,EUR/USD,0.96967,0.96979,0.96979,0.97059,0.96967,0.97015,0.96979,0.97059,0.96967,0.97015,0.96979,0.97059,0.96967,0.97015,0.96979,0.97059,0.96967,0.97015
2022-10-13 06:40:00,EUR/USD,0.96988,0.96993,0.96993,0.97021,0.96984,0.97007,0.96993,0.97021,0.96984,0.97007,0.96993,0.97021,0.96984,0.97007,0.96993,0.97021,0.96984,0.97007
2022-10-13 12:20:00,EUR/USD,0.97421,0.97427,0.97427,0.97489,0.97412,0.97446,0.97427,0.97489,0.97412,0.97446,0.97427,0.97489,0.97412,0.97446,0.97427,0.97489,0.97412,0.97446
2022-10-13 12:45:00,EUR/USD,0.96483,0.96493,0.96493,0.96553,0.96355,0.96499,0.96493,0.96553,0.96355,0.96499,0.96493,0.96553,0.96355,0.96499,0.96493,0.96553,0.96355,0.96499
2022-10-13 12:50:00,EUR/USD,0.96492,0.96501,0.96501,0.96707,0.96449,0.96584,0.96501,0.96707,0.96449,0.96584,0.96501,0.96707,0.96449,0.96584,0.96501,0.96707,0.96449,0.96584
2022-10-13 15:20:00,EUR/USD,0.97551,0.97561,0.97561,0.97844,0.9756,0.97657,0.97561,0.97844,0.9756,0.97657,0.97561,0.97844,0.9756,0.97657,0.97561,0.97844,0.9756,0.97657
2022-10-13 16:40:00,EUR/USD,0.97779,0.97787,0.97787,0.97822,0.97771,0.97809,0.97787,0.97822,0.97771,0.97809,0.97787,0.97822,0.97771,0.97809,0.97787,0.97822,0.97771,0.97809
2022-10-14 01:20:00,EUR/USD,0.97751,0.97756,0.97756,0.97781,0.97737,0.97741,0.97756,0.97781,0.97737,0.97741,0.97756,0.97781,0.97737,0.97741,0.97756,0.97781,0.97737,0.97741
2022-10-14 06:00:00,EUR/USD,0.97758,0.97764,0.97764,0.97866,0.97759,0.97863,0.97764,0.97866,0.97759,0.97863,0.97764,0.97866,0.97759,0.97863,0.97764,0.97866,0.97759,0.97863
2022-10-14 08:20:00,EUR/USD,0.97511,0.97517,0.97517,0.97527,0.97467,0.97467,0.97517,0.97527,0.97467,0.97467,0.97517,0.97527,0.97467,0.97467,0.97517,0.97527,0.97467,0.97467
2022-10-14 09:30:00,EUR/USD,0.97279,0.97286,0.97286,0.97325,0.97254,0.97272,0.97286,0.97325,0.97254,0.97272,0.97286,0.97325,0.97254,0.97272,0.97286,0.97325,0.97254,0.97272
2022-10-14 10:30:00,EUR/USD,0.9751,0.97518,0.97518,0.97569,0.97445,0.97477,0.97518,0.97569,0.97445,0.97477,0.97518,0.97569,0.97445,0.97477,0.97518,0.97569,0.97445,0.97477
2022-10-14 13:20:00,EUR/USD,0.97812,0.97817,0.97817,0.97826,0.97698,0.97701,0.97817,0.97826,0.97698,0.97701,0.97817,0.97826,0.97698,0.97701,0.97817,0.97826,0.97698,0.97701
2022-10-14 13:20:00,EUR/USD,0.97812,0.97819,0.97817,0.97826,0.97698,0.97701,0.97817,0.97826,0.97698,0.97701,0.97817,0.97826,0.97698,0.97701,0.97817,0.97826,0.97698,0.97701
2022-10-14 13:35:00,EUR/USD,0.97439,0.97446,0.97446,0.97597,0.97405,0.97587,0.97446,0.97597,0.97405,0.97587,0.97446,0.97597,0.97405,0.97587,0.97446,0.97597,0.97405,0.97587
2022-10-14 18:40:00,EUR/USD,0.97197,0.97205,0.97205,0.97218,0.9719,0.97212,0.97205,0.97218,0.9719,0.97212,0.97205,0.97218,0.9719,0.97212,0.97205,0.97218,0.9719,0.97212
2022-10-16 23:25:00,EUR/USD,0.9735,0.9736,0.9736,0.97393,0.97359,0.97385,0.9736,0.97393,0.97359,0.97385,0.9736,0.97393,0.97359,0.97385,0.9736,0.97393,0.97359,0.97385
2022-10-17 02:55:00,EUR/USD,0.97443,0.97451,0.97451,0.97464,0.97446,0.97454,0.97451,0.97464,0.97446,0.97454,0.97451,0.97464,0.97446,0.97454,0.97451,0.97464,0.97446,0.97454
2022-10-17 14:20:00,EUR/USD,0.97884,0.9789,0.9789,0.97928,0.97852,0.97862,0.9789,0.97928,0.97852,0.97862,0.9789,0.97928,0.97852,0.97862,0.9789,0.97928,0.97852,0.97862
2022-10-17 14:50:00,EUR/USD,0.98091,0.98097,0.98097,0.98196,0.98071,0.98145,0.98097,0.98196,0.98071,0.98145,0.98097,0.98196,0.98071,0.98145,0.98097,0.98196,0.98071,0.98145
2022-10-17 19:40:00,EUR/USD,0.9838,0.98389,0.98389,0.98433,0.98372,0.9842,0.98389,0.98433,0.98372,0.9842,0.98389,0.98433,0.98372,0.9842,0.98389,0.98433,0.98372,0.9842
2022-10-17 22:25:00,EUR/USD,0.98402,0.98414,0.98414,0.98435,0.98408,0.98428,0.98414,0.98435,0.98408,0.98428,0.98414,0.98435,0.98408,0.98428,0.98414,0.98435,0.98408,0.98428
2022-10-18 08:50:00,EUR/USD,0.9842,0.98425,0.98425,0.98429,0.98342,0.98364,0.98425,0.98429,0.98342,0.98364,0.98425,0.98429,0.98342,0.98364,0.98425,0.98429,0.98342,0.98364
2022-10-18 09:00:00,EUR/USD,0.98287,0.98295,0.98295,0.98471,0.9828,0.98415,0.98295,0.98471,0.9828,0.98415,0.98295,0.98471,0.9828,0.98415,0.98295,0.98471,0.9828,0.98415
2022-10-18 14:45:00,EUR/USD,0.9839,0.98396,0.98396,0.98415,0.98335,0.98404,0.98396,0.98415,0.98335,0.98404,0.98396,0.98415,0.98335,0.98404,0.98396,0.98415,0.98335,0.98404
2022-10-18 23:05:00,EUR/USD,0.98697,0.98708,0.98708,0.98713,0.9867,0.98682,0.98708,0.98713,0.9867,0.98682,0.98708,0.98713,0.9867,0.98682,0.98708,0.98713,0.9867,0.98682
2022-10-19 05:30:00,EUR/USD,0.98374,0.9838,0.9838,0.98392,0.98365,0.98376,0.9838,0.98392,0.98365,0.98376,0.9838,0.98392,0.98365,0.98376,0.9838,0.98392,0.98365,0.98376
2022-10-19 10:05:00,EUR/USD,0.98151,0.9816,0.9816,0.98212,0.98154,0.98205,0.9816,0.98212,0.98154,0.98205,0.9816,0.98212,0.98154,0.98205,0.9816,0.98212,0.98154,0.98205
2022-10-19 12:05:00,EUR/USD,0.97711,0.97715,0.97715,0.97765,0.97682,0.97732,0.97715,0.97765,0.97682,0.97732,0.97715,0.97765,0.97682,0.97732,0.97715,0.97765,0.97682,0.97732
2022-10-19 13:50:00,EUR/USD,0.97731,0.9774,0.9774,0.97779,0.97719,0.97767,0.9774,0.97779,0.97719,0.97767,0.9774,0.97779,0.97719,0.97767,0.9774,0.97779,0.97719,0.97767
2022-10-19 16:40:00,EUR/USD,0.97783,0.97788,0.97788,0.9779,0.9774,0.97752,0.97788,0.9779,0.9774,0.97752,0.97788,0.9779,0.9774,0.97752,0.97788,0.9779,0.9774,0.97752
2022-10-20 02:45:00,EUR/USD,0.97601,0.97608,0.97608,0.97627,0.97603,0.97624,0.97608,0.97627,0.97603,0.97624,0.97608,0.97627,0.97603,0.97624,0.97608,0.97627,0.97603,0.97624
2022-10-20 12:35:00,EUR/USD,0.98265,0.9827,0.9827,0.98278,0.98137,0.98162,0.9827,0.98278,0.98137,0.98162,0.9827,0.98278,0.98137,0.98162,0.9827,0.98278,0.98137,0.98162
2022-10-21 02:40:00,EUR/USD,0.97764,0.97777,0.97777,0.97777,0.97747,0.97768,0.97777,0.97777,0.97747,0.97768,0.97777,0.97777,0.97747,0.97768,0.97777,0.97777,0.97747,0.97768
2022-10-21 07:40:00,EUR/USD,0.97914,0.9792,0.9792,0.97951,0.97895,0.97919,0.9792,0.97951,0.97895,0.97919,0.9792,0.97951,0.97895,0.97919,0.9792,0.97951,0.97895,0.97919
2022-10-21 07:40:00,EUR/USD,0.9791,0.97921,0.9792,0.97951,0.97895,0.97919,0.9792,0.97951,0.97895,0.97919,0.9792,0.97951,0.97895,0.97919,0.9792,0.97951,0.97895,0.97919
2022-10-21 12:20:00,EUR/USD,0.97168,0.97172,0.97172,0.97174,0.97054,0.97143,0.97172,0.97174,0.97054,0.97143,0.97172,0.97174,0.97054,0.97143,0.97172,0.97174,0.97054,0.97143
2022-10-21 15:05:00,EUR/USD,0.9783,0.97841,0.97841,0.9805,0.97837,0.97977,0.97841,0.9805,0.97837,0.97977,0.97841,0.9805,0.97837,0.97977,0.97841,0.9805,0.97837,0.97977
2022-10-21 16:15:00,EUR/USD,0.98511,0.98519,0.98519,0.98519,0.9832,0.98347,0.98519,0.98519,0.9832,0.98347,0.98519,0.98519,0.9832,0.98347,0.98519,0.98519,0.9832,0.98347
2022-10-21 19:40:00,EUR/USD,0.98641,0.98651,0.98651,0.98659,0.9861,0.98628,0.98651,0.98659,0.9861,0.98628,0.98651,0.98659,0.9861,0.98628,0.98651,0.98659,0.9861,0.98628
2022-10-24 08:35:00,EUR/USD,0.98201,0.98209,0.98209,0.98305,0.98185,0.98285,0.98209,0.98305,0.98185,0.98285,0.98209,0.98305,0.98185,0.98285,0.98209,0.98305,0.98185,0.98285
2022-10-24 08:35:00,EUR/USD,0.982,0.9821,0.98209,0.98305,0.98185,0.98285,0.98209,0.98305,0.98185,0.98285,0.98209,0.98305,0.98185,0.98285,0.98209,0.98305,0.98185,0.98285
2022-10-25 16:35:00,EUR/USD,0.99588,0.99595,0.99595,0.99648,0.99587,0.99648,0.99595,0.99648,0.99587,0.99648,0.99595,0.99648,0.99587,0.99648,0.99595,0.99648,0.99587,0.99648
2022-10-26 07:55:00,EUR/USD,1.00281,1.00287,1.00287,1.00353,1.00274,1.00336,1.00287,1.00353,1.00274,1.00336,1.00287,1.00353,1.00274,1.00336,1.00287,1.00353,1.00274,1.00336
2022-10-26 14:40:00,EUR/USD,1.00249,1.00255,1.00255,1.0032,1.00214,1.00305,1.00255,1.0032,1.00214,1.00305,1.00255,1.0032,1.00214,1.00305,1.00255,1.0032,1.00214,1.00305
2022-10-27 15:10:00,EUR/USD,1.00065,1.00071,1.00071,1.00121,1.00048,1.00064,1.00071,1.00121,1.00048,1.00064,1.00071,1.00121,1.00048,1.00064,1.00071,1.00121,1.00048,1.00064
2022-10-28 03:00:00,EUR/USD,0.99883,0.9989,0.9989,0.99912,0.99855,0.99855,0.9989,0.99912,0.99855,0.99855,0.9989,0.99912,0.99855,0.99855,0.9989,0.99912,0.99855,0.99855
2022-10-28 11:35:00,EUR/USD,0.99691,0.99697,0.99697,0.99762,0.99678,0.99683,0.99697,0.99762,0.99678,0.99683,0.99697,0.99762,0.99678,0.99683,0.99697,0.99762,0.99678,0.99683
2022-10-28 11:45:00,EUR/USD,0.99626,0.99634,0.99634,0.99679,0.99592,0.99615,0.99634,0.99679,0.99592,0.99615,0.99634,0.99679,0.99592,0.99615,0.99634,0.99679,0.99592,0.99615
2022-10-28 11:45:00,EUR/USD,0.99626,0.99635,0.99634,0.99679,0.99592,0.99615,0.99634,0.99679,0.99592,0.99615,0.99634,0.99679,0.99592,0.99615,0.99634,0.99679,0.99592,0.99615
2022-10-31 03:20:00,EUR/USD,0.99546,0.99552,0.99552,0.99567,0.99543,0.99553,0.99552,0.99567,0.99543,0.99553,0.99552,0.99567,0.99543,0.99553,0.99552,0.99567,0.99543,0.99553
2022-10-31 06:00:00,EUR/USD,0.99476,0.99486,0.99486,0.99506,0.99462,0.995,0.99486,0.99506,0.99462,0.995,0.99486,0.99506,0.99462,0.995,0.99486,0.99506,0.99462,0.995
2022-10-31 10:20:00,EUR/USD,0.99345,0.9935,0.9935,0.99399,0.99339,0.99397,0.9935,0.99399,0.99339,0.99397,0.9935,0.99399,0.99339,0.99397,0.9935,0.99399,0.99339,0.99397
2022-10-31 12:40:00,EUR/USD,0.99171,0.99177,0.99177,0.99214,0.99162,0.99208,0.99177,0.99214,0.99162,0.99208,0.99177,0.99214,0.99162,0.99208,0.99177,0.99214,0.99162,0.99208
2022-10-31 12:40:00,EUR/USD,0.99169,0.99178,0.99177,0.99214,0.99162,0.99208,0.99177,0.99214,0.99162,0.99208,0.99177,0.99214,0.99162,0.99208,0.99177,0.99214,0.99162,0.99208
2022-10-31 22:40:00,EUR/USD,0.98838,0.98848,0.98848,0.98859,0.98843,0.98851,0.98848,0.98859,0.98843,0.98851,0.98848,0.98859,0.98843,0.98851,0.98848,0.98859,0.98843,0.98851
2022-11-01 06:05:00,EUR/USD,0.99253,0.99264,0.99264,0.99293,0.9925,0.99289,0.99264,0.99293,0.9925,0.99289,0.99264,0.99293,0.9925,0.99289,0.99264,0.99293,0.9925,0.99289
2022-11-01 11:20:00,EUR/USD,0.99295,0.99302,0.99302,0.99348,0.99301,0.99345,0.99302,0.99348,0.99301,0.99345,0.99302,0.99348,0.99301,0.99345,0.99302,0.99348,0.99301,0.99345
2022-11-01 11:20:00,EUR/USD,0.99293,0.99304,0.99302,0.99348,0.99301,0.99345,0.99302,0.99348,0.99301,0.99345,0.99302,0.99348,0.99301,0.99345,0.99302,0.99348,0.99301,0.99345
2022-11-01 20:15:00,EUR/USD,0.98753,0.98762,0.98762,0.98771,0.98749,0.9876,0.98762,0.98771,0.98749,0.9876,0.98762,0.98771,0.98749,0.9876,0.98762,0.98771,0.98749,0.9876
2022-11-02 01:55:00,EUR/USD,0.98861,0.98863,0.98863,0.98897,0.98863,0.98884,0.98863,0.98897,0.98863,0.98884,0.98863,0.98897,0.98863,0.98884,0.98863,0.98897,0.98863,0.98884
2022-11-02 06:05:00,EUR/USD,0.98883,0.98889,0.98889,0.98899,0.98836,0.98841,0.98889,0.98899,0.98836,0.98841,0.98889,0.98899,0.98836,0.98841,0.98889,0.98899,0.98836,0.98841
2022-11-02 09:10:00,EUR/USD,0.98943,0.98952,0.98952,0.98965,0.98914,0.98946,0.98952,0.98965,0.98914,0.98946,0.98952,0.98965,0.98914,0.98946,0.98952,0.98965,0.98914,0.98946
2022-11-03 07:15:00,EUR/USD,0.97987,0.97996,0.97996,0.98032,0.97866,0.9792,0.97996,0.98032,0.97866,0.9792,0.97996,0.98032,0.97866,0.9792,0.97996,0.98032,0.97866,0.9792
2022-11-03 09:40:00,EUR/USD,0.97576,0.97583,0.97583,0.97611,0.97554,0.97558,0.97583,0.97611,0.97554,0.97558,0.97583,0.97611,0.97554,0.97558,0.97583,0.97611,0.97554,0.97558
2022-11-03 09:40:00,EUR/USD,0.97576,0.97584,0.97583,0.97611,0.97554,0.97558,0.97583,0.97611,0.97554,0.97558,0.97583,0.97611,0.97554,0.97558,0.97583,0.97611,0.97554,0.97558
2022-11-03 09:50:00,EUR/USD,0.97509,0.97514,0.97514,0.97579,0.97498,0.97567,0.97514,0.97579,0.97498,0.97567,0.97514,0.97579,0.97498,0.97567,0.97514,0.97579,0.97498,0.97567
2022-11-03 13:40:00,EUR/USD,0.97507,0.97516,0.97516,0.9762,0.9751,0.97515,0.97516,0.9762,0.9751,0.97515,0.97516,0.9762,0.9751,0.97515,0.97516,0.9762,0.9751,0.97515
2022-11-03 14:05:00,EUR/USD,0.97547,0.97555,0.97555,0.97557,0.97447,0.97458,0.97555,0.97557,0.97447,0.97458,0.97555,0.97557,0.97447,0.97458,0.97555,0.97557,0.97447,0.97458
2022-11-03 14:20:00,EUR/USD,0.97592,0.97601,0.97601,0.9769,0.97596,0.97661,0.97601,0.9769,0.97596,0.97661,0.97601,0.9769,0.97596,0.97661,0.97601,0.9769,0.97596,0.97661
2022-11-03 14:30:00,EUR/USD,0.97802,0.97808,0.97808,0.97817,0.97685,0.97698,0.97808,0.97817,0.97685,0.97698,0.97808,0.97817,0.97685,0.97698,0.97808,0.97817,0.97685,0.97698
2022-11-03 15:15:00,EUR/USD,0.97768,0.97775,0.97775,0.97801,0.97745,0.97777,0.97775,0.97801,0.97745,0.97777,0.97775,0.97801,0.97745,0.97777,0.97775,0.97801,0.97745,0.97777
2022-11-04 07:20:00,EUR/USD,0.97739,0.9775,0.9775,0.97796,0.97746,0.97768,0.9775,0.97796,0.97746,0.97768,0.9775,0.97796,0.97746,0.97768,0.9775,0.97796,0.97746,0.97768
2022-11-04 08:20:00,EUR/USD,0.97749,0.97758,0.97758,0.97764,0.97724,0.97731,0.97758,0.97764,0.97724,0.97731,0.97758,0.97764,0.97724,0.97731,0.97758,0.97764,0.97724,0.97731
2022-11-04 14:00:00,EUR/USD,0.98663,0.98671,0.98671,0.98773,0.98604,0.98698,0.98671,0.98773,0.98604,0.98698,0.98671,0.98773,0.98604,0.98698,0.98671,0.98773,0.98604,0.98698
2022-11-09 06:35:00,EUR/USD,1.0062,1.00629,1.00629,1.00631,1.00593,1.00604,1.00629,1.00631,1.00593,1.00604,1.00629,1.00631,1.00593,1.00604,1.00629,1.00631,1.00593,1.00604
2022-11-09 12:55:00,EUR/USD,1.00446,1.00455,1.00455,1.00508,1.00447,1.00501,1.00455,1.00508,1.00447,1.00501,1.00455,1.00508,1.00447,1.00501,1.00455,1.00508,1.00447,1.00501
2022-11-09 16:35:00,EUR/USD,1.00451,1.00457,1.00457,1.00472,1.00419,1.00437,1.00457,1.00472,1.00419,1.00437,1.00457,1.00472,1.00419,1.00437,1.00457,1.00472,1.00419,1.00437
2022-11-09 22:50:00,EUR/USD,1.00049,1.00148,1.00148,1.00169,1.00108,1.00151,1.00148,1.00169,1.00108,1.00151,1.00148,1.00169,1.00108,1.00151,1.00148,1.00169,1.00108,1.00151
2022-11-10 01:20:00,EUR/USD,1.00274,1.00281,1.00281,1.00285,1.00235,1.00274,1.00281,1.00285,1.00235,1.00274,1.00281,1.00285,1.00235,1.00274,1.00281,1.00285,1.00235,1.00274
2022-11-10 03:10:00,EUR/USD,1.0023,1.00241,1.00241,1.00251,1.00218,1.00237,1.00241,1.00251,1.00218,1.00237,1.00241,1.00251,1.00218,1.00237,1.00241,1.00251,1.00218,1.00237
2022-11-10 14:20:00,EUR/USD,1.01381,1.01393,1.01393,1.01509,1.01314,1.01506,1.01393,1.01509,1.01314,1.01506,1.01393,1.01509,1.01314,1.01506,1.01393,1.01509,1.01314,1.01506
2022-11-11 01:20:00,EUR/USD,1.01832,1.01846,1.01846,1.01874,1.01817,1.01844,1.01846,1.01874,1.01817,1.01844,1.01846,1.01874,1.01817,1.01844,1.01846,1.01874,1.01817,1.01844
2022-11-14 14:40:00,EUR/USD,1.0316,1.03168,1.03168,1.0319,1.03033,1.03033,1.03168,1.0319,1.03033,1.03033,1.03168,1.0319,1.03033,1.03033,1.03168,1.0319,1.03033,1.03033
2022-11-15 04:10:00,EUR/USD,1.03222,1.03232,1.03232,1.03238,1.03199,1.03201,1.03232,1.03238,1.03199,1.03201,1.03232,1.03238,1.03199,1.03201,1.03232,1.03238,1.03199,1.03201
2022-11-16 00:50:00,EUR/USD,1.03488,1.03497,1.03497,1.03502,1.03432,1.03468,1.03497,1.03502,1.03432,1.03468,1.03497,1.03502,1.03432,1.03468,1.03497,1.03502,1.03432,1.03468
2022-11-16 19:45:00,EUR/USD,1.03839,1.03846,1.03846,1.03855,1.03788,1.03807,1.03846,1.03855,1.03788,1.03807,1.03846,1.03855,1.03788,1.03807,1.03846,1.03855,1.03788,1.03807
2022-11-16 23:20:00,EUR/USD,1.03963,1.0397,1.0397,1.0399,1.0395,1.03973,1.0397,1.0399,1.0395,1.03973,1.0397,1.0399,1.0395,1.03973,1.0397,1.0399,1.0395,1.03973
2022-11-18 03:50:00,EUR/USD,1.03869,1.03875,1.03875,1.03916,1.03846,1.0385,1.03875,1.03916,1.03846,1.0385,1.03875,1.03916,1.03846,1.0385,1.03875,1.03916,1.03846,1.0385
2022-11-18 16:20:00,EUR/USD,1.03696,1.03704,1.03704,1.03706,1.0361,1.0363,1.03704,1.03706,1.0361,1.0363,1.03704,1.03706,1.0361,1.0363,1.03704,1.03706,1.0361,1.0363
2022-11-22 15:30:00,EUR/USD,1.02802,1.02811,1.02811,1.02837,1.02764,1.02819,1.02811,1.02837,1.02764,1.02819,1.02811,1.02837,1.02764,1.02819,1.02811,1.02837,1.02764,1.02819
2022-11-23 16:05:00,EUR/USD,1.0367,1.03678,1.03678,1.03694,1.03634,1.03656,1.03678,1.03694,1.03634,1.03656,1.03678,1.03694,1.03634,1.03656,1.03678,1.03694,1.03634,1.03656
2022-11-24 05:05:00,EUR/USD,1.04444,1.04448,1.04448,1.04449,1.04415,1.04428,1.04448,1.04449,1.04415,1.04428,1.04448,1.04449,1.04415,1.04428,1.04448,1.04449,1.04415,1.04428
2022-11-24 11:25:00,EUR/USD,1.03977,1.03985,1.03985,1.03985,1.03822,1.03838,1.03985,1.03985,1.03822,1.03838,1.03985,1.03985,1.03822,1.03838,1.03985,1.03985,1.03822,1.03838
2022-11-28 10:05:00,EUR/USD,1.04444,1.04452,1.04452,1.0448,1.04391,1.04474,1.04452,1.0448,1.04391,1.04474,1.04452,1.0448,1.04391,1.04474,1.04452,1.0448,1.04391,1.04474
2022-11-28 10:20:00,EUR/USD,1.04627,1.04633,1.04633,1.04743,1.04627,1.04732,1.04633,1.04743,1.04627,1.04732,1.04633,1.04743,1.04627,1.04732,1.04633,1.04743,1.04627,1.04732
2022-11-28 14:55:00,EUR/USD,1.04291,1.04298,1.04298,1.04317,1.04224,1.04303,1.04298,1.04317,1.04224,1.04303,1.04298,1.04317,1.04224,1.04303,1.04298,1.04317,1.04224,1.04303
2022-11-28 16:50:00,EUR/USD,1.03841,1.0385,1.0385,1.03851,1.03806,1.03842,1.0385,1.03851,1.03806,1.03842,1.0385,1.03851,1.03806,1.03842,1.0385,1.03851,1.03806,1.03842
2022-11-29 19:10:00,EUR/USD,1.03426,1.03431,1.03431,1.03445,1.03417,1.03439,1.03431,1.03445,1.03417,1.03439,1.03431,1.03445,1.03417,1.03439,1.03431,1.03445,1.03417,1.03439
2022-11-30 08:30:00,EUR/USD,1.0351,1.03516,1.03516,1.03526,1.03419,1.03452,1.03516,1.03526,1.03419,1.03452,1.03516,1.03526,1.03419,1.03452,1.03516,1.03526,1.03419,1.03452
2022-11-30 11:10:00,EUR/USD,1.03532,1.03538,1.03538,1.03557,1.03511,1.03528,1.03538,1.03557,1.03511,1.03528,1.03538,1.03557,1.03511,1.03528,1.03538,1.03557,1.03511,1.03528
2022-12-01 03:00:00,EUR/USD,1.04258,1.04266,1.04266,1.04295,1.0425,1.0428,1.04266,1.04295,1.0425,1.0428,1.04266,1.04295,1.0425,1.0428,1.04266,1.04295,1.0425,1.0428
2022-12-01 12:45:00,EUR/USD,1.04501,1.04508,1.04508,1.04526,1.04443,1.0452,1.04508,1.04526,1.04443,1.0452,1.04508,1.04526,1.04443,1.0452,1.04508,1.04526,1.04443,1.0452
2022-12-02 01:15:00,EUR/USD,1.05094,1.05101,1.05101,1.05151,1.051,1.05138,1.05101,1.05151,1.051,1.05138,1.05101,1.05151,1.051,1.05138,1.05101,1.05151,1.051,1.05138
2022-12-02 18:40:00,EUR/USD,1.05291,1.05296,1.05296,1.05336,1.05292,1.05307,1.05296,1.05336,1.05292,1.05307,1.05296,1.05336,1.05292,1.05307,1.05296,1.05336,1.05292,1.05307
2022-12-05 17:00:00,EUR/USD,1.04928,1.04936,1.04936,1.04963,1.04905,1.04912,1.04936,1.04963,1.04905,1.04912,1.04936,1.04963,1.04905,1.04912,1.04936,1.04963,1.04905,1.04912
2022-12-05 20:50:00,EUR/USD,1.04875,1.04884,1.04884,1.04922,1.04881,1.04906,1.04884,1.04922,1.04881,1.04906,1.04884,1.04922,1.04881,1.04906,1.04884,1.04922,1.04881,1.04906
2022-12-05 20:50:00,EUR/USD,1.04874,1.04881,1.04884,1.04922,1.04881,1.04906,1.04884,1.04922,1.04881,1.04906,1.04884,1.04922,1.04881,1.04906,1.04884,1.04922,1.04881,1.04906
2022-12-06 07:45:00,EUR/USD,1.04879,1.04887,1.04887,1.04897,1.04853,1.04878,1.04887,1.04897,1.04853,1.04878,1.04887,1.04897,1.04853,1.04878,1.04887,1.04897,1.04853,1.04878
2022-12-06 07:45:00,EUR/USD,1.04878,1.04886,1.04887,1.04897,1.04853,1.04878,1.04887,1.04897,1.04853,1.04878,1.04887,1.04897,1.04853,1.04878,1.04887,1.04897,1.04853,1.04878
2022-12-06 12:20:00,EUR/USD,1.05132,1.05139,1.05139,1.0524,1.05137,1.05217,1.05139,1.0524,1.05137,1.05217,1.05139,1.0524,1.05137,1.05217,1.05139,1.0524,1.05137,1.05217
2022-12-06 12:30:00,EUR/USD,1.05287,1.05295,1.05295,1.05309,1.05273,1.05295,1.05295,1.05309,1.05273,1.05295,1.05295,1.05309,1.05273,1.05295,1.05295,1.05309,1.05273,1.05295
2022-12-06 14:10:00,EUR/USD,1.05134,1.05142,1.05142,1.05196,1.05115,1.05174,1.05142,1.05196,1.05115,1.05174,1.05142,1.05196,1.05115,1.05174,1.05142,1.05196,1.05115,1.05174
2022-12-06 17:05:00,EUR/USD,1.04942,1.04948,1.04948,1.0495,1.04879,1.04896,1.04948,1.0495,1.04879,1.04896,1.04948,1.0495,1.04879,1.04896,1.04948,1.0495,1.04879,1.04896
2022-12-07 10:05:00,EUR/USD,1.04746,1.04754,1.04754,1.04795,1.04737,1.04777,1.04754,1.04795,1.04737,1.04777,1.04754,1.04795,1.04737,1.04777,1.04754,1.04795,1.04737,1.04777
2022-12-07 14:25:00,EUR/USD,1.05337,1.05342,1.05342,1.05343,1.05192,1.05222,1.05342,1.05343,1.05192,1.05222,1.05342,1.05343,1.05192,1.05222,1.05342,1.05343,1.05192,1.05222
2022-12-07 14:25:00,EUR/USD,1.05334,1.05343,1.05342,1.05343,1.05192,1.05222,1.05342,1.05343,1.05192,1.05222,1.05342,1.05343,1.05192,1.05222,1.05342,1.05343,1.05192,1.05222
2022-12-07 18:45:00,EUR/USD,1.05166,1.05176,1.05176,1.05189,1.05162,1.0518,1.05176,1.05189,1.05162,1.0518,1.05176,1.05189,1.05162,1.0518,1.05176,1.05189,1.05162,1.0518
2022-12-08 08:00:00,EUR/USD,1.05256,1.05262,1.05262,1.05266,1.05172,1.05209,1.05262,1.05266,1.05172,1.05209,1.05262,1.05266,1.05172,1.05209,1.05262,1.05266,1.05172,1.05209
2022-12-09 09:40:00,EUR/USD,1.05494,1.05502,1.05502,1.05539,1.05495,1.05536,1.05502,1.05539,1.05495,1.05536,1.05502,1.05539,1.05495,1.05536,1.05502,1.05539,1.05495,1.05536
2022-12-09 17:00:00,EUR/USD,1.0549,1.05496,1.05496,1.05511,1.05446,1.05463,1.05496,1.05511,1.05446,1.05463,1.05496,1.05511,1.05446,1.05463,1.05496,1.05511,1.05446,1.05463
2022-12-12 01:40:00,EUR/USD,1.05167,1.05177,1.05177,1.05188,1.05125,1.05135,1.05177,1.05188,1.05125,1.05135,1.05177,1.05188,1.05125,1.05135,1.05177,1.05188,1.05125,1.05135
2022-12-12 14:15:00,EUR/USD,1.05678,1.0569,1.0569,1.05707,1.05636,1.05642,1.0569,1.05707,1.05636,1.05642,1.0569,1.05707,1.05636,1.05642,1.0569,1.05707,1.05636,1.05642
2022-12-12 14:15:00,EUR/USD,1.0568,1.05684,1.0569,1.05707,1.05636,1.05642,1.0569,1.05707,1.05636,1.05642,1.0569,1.05707,1.05636,1.05642,1.0569,1.05707,1.05636,1.05642
2022-12-12 15:55:00,EUR/USD,1.05278,1.05285,1.05285,1.05306,1.05208,1.0524,1.05285,1.05306,1.05208,1.0524,1.05285,1.05306,1.05208,1.0524,1.05285,1.05306,1.05208,1.0524
2022-12-13 03:10:00,EUR/USD,1.05439,1.05447,1.05447,1.05452,1.05434,1.05437,1.05447,1.05452,1.05434,1.05437,1.05447,1.05452,1.05434,1.05437,1.05447,1.05452,1.05434,1.05437
2022-12-13 07:40:00,EUR/USD,1.0552,1.05528,1.05528,1.05578,1.05522,1.05546,1.05528,1.05578,1.05522,1.05546,1.05528,1.05578,1.05522,1.05546,1.05528,1.05578,1.05522,1.05546
2022-12-14 10:00:00,EUR/USD,1.0662,1.06626,1.06626,1.06665,1.06573,1.06573,1.06626,1.06665,1.06573,1.06573,1.06626,1.06665,1.06573,1.06573,1.06626,1.06665,1.06573,1.06573
2022-12-15 06:55:00,EUR/USD,1.06536,1.06544,1.06544,1.06556,1.06536,1.0655,1.06544,1.06556,1.06536,1.0655,1.06544,1.06556,1.06536,1.0655,1.06544,1.06556,1.06536,1.0655
2022-12-15 13:55:00,EUR/USD,1.06467,1.06475,1.06475,1.06549,1.06464,1.06529,1.06475,1.06549,1.06464,1.06529,1.06475,1.06549,1.06464,1.06529,1.06475,1.06549,1.06464,1.06529
2022-12-15 15:25:00,EUR/USD,1.06465,1.0647,1.0647,1.06478,1.06374,1.0641,1.0647,1.06478,1.06374,1.0641,1.0647,1.06478,1.06374,1.0641,1.0647,1.06478,1.06374,1.0641
2022-12-16 15:45:00,EUR/USD,1.06151,1.06161,1.06161,1.06204,1.06089,1.06194,1.06161,1.06204,1.06089,1.06194,1.06161,1.06204,1.06089,1.06194,1.06161,1.06204,1.06089,1.06194
2022-12-16 16:00:00,EUR/USD,1.06165,1.06173,1.06173,1.06208,1.06139,1.06193,1.06173,1.06208,1.06139,1.06193,1.06173,1.06208,1.06139,1.06193,1.06173,1.06208,1.06139,1.06193
2022-12-20 04:35:00,EUR/USD,1.06099,1.06111,1.06111,1.06166,1.06097,1.06157,1.06111,1.06166,1.06097,1.06157,1.06111,1.06166,1.06097,1.06157,1.06111,1.06166,1.06097,1.06157
2022-12-20 08:15:00,EUR/USD,1.06135,1.06143,1.06143,1.06155,1.06057,1.0613,1.06143,1.06155,1.06057,1.0613,1.06143,1.06155,1.06057,1.0613,1.06143,1.06155,1.06057,1.0613
2022-12-20 10:45:00,EUR/USD,1.06337,1.06344,1.06344,1.06396,1.06333,1.06392,1.06344,1.06396,1.06333,1.06392,1.06344,1.06396,1.06333,1.06392,1.06344,1.06396,1.06333,1.06392
2022-12-20 13:25:00,EUR/USD,1.05997,1.06006,1.06006,1.06017,1.05983,1.05994,1.06006,1.06017,1.05983,1.05994,1.06006,1.06017,1.05983,1.05994,1.06006,1.06017,1.05983,1.05994
2022-12-21 21:30:00,EUR/USD,1.06088,1.06099,1.06099,1.06106,1.06093,1.06103,1.06099,1.06106,1.06093,1.06103,1.06099,1.06106,1.06093,1.06103,1.06099,1.06106,1.06093,1.06103
2022-12-22 03:20:00,EUR/USD,1.0634,1.06351,1.06351,1.06355,1.06334,1.0635,1.06351,1.06355,1.06334,1.0635,1.06351,1.06355,1.06334,1.0635,1.06351,1.06355,1.06334,1.0635
2022-12-23 01:00:00,EUR/USD,1.05888,1.05894,1.05894,1.05927,1.05871,1.05899,1.05894,1.05927,1.05871,1.05899,1.05894,1.05927,1.05871,1.05899,1.05894,1.05927,1.05871,1.05899
2022-12-23 05:40:00,EUR/USD,1.06051,1.06058,1.06058,1.06102,1.06054,1.06098,1.06058,1.06102,1.06054,1.06098,1.06058,1.06102,1.06054,1.06098,1.06058,1.06102,1.06054,1.06098
2022-12-23 05:40:00,EUR/USD,1.06051,1.06057,1.06058,1.06102,1.06054,1.06098,1.06058,1.06102,1.06054,1.06098,1.06058,1.06102,1.06054,1.06098,1.06058,1.06102,1.06054,1.06098
2022-12-23 07:15:00,EUR/USD,1.06156,1.06163,1.06163,1.0617,1.06125,1.06144,1.06163,1.0617,1.06125,1.06144,1.06163,1.0617,1.06125,1.06144,1.06163,1.0617,1.06125,1.06144
2022-12-27 14:40:00,EUR/USD,1.06204,1.06213,1.06213,1.06295,1.06202,1.06276,1.06213,1.06295,1.06202,1.06276,1.06213,1.06295,1.06202,1.06276,1.06213,1.06295,1.06202,1.06276
2022-12-28 07:25:00,EUR/USD,1.06524,1.0653,1.0653,1.06551,1.06518,1.06531,1.0653,1.06551,1.06518,1.06531,1.0653,1.06551,1.06518,1.06531,1.0653,1.06551,1.06518,1.06531
2022-12-28 10:15:00,EUR/USD,1.06387,1.06394,1.06394,1.06419,1.06376,1.06397,1.06394,1.06419,1.06376,1.06397,1.06394,1.06419,1.06376,1.06397,1.06394,1.06419,1.06376,1.06397
2022-12-28 15:00:00,EUR/USD,1.06573,1.06581,1.06581,1.06624,1.06503,1.06515,1.06581,1.06624,1.06503,1.06515,1.06581,1.06624,1.06503,1.06515,1.06581,1.06624,1.06503,1.06515
2022-12-28 16:00:00,EUR/USD,1.0619,1.06199,1.06199,1.06212,1.0615,1.06196,1.06199,1.06212,1.0615,1.06196,1.06199,1.06212,1.0615,1.06196,1.06199,1.06212,1.0615,1.06196
2022-12-28 16:00:00,EUR/USD,1.06189,1.06192,1.06199,1.06212,1.0615,1.06196,1.06199,1.06212,1.0615,1.06196,1.06199,1.06212,1.0615,1.06196,1.06199,1.06212,1.0615,1.06196
2022-12-29 02:25:00,EUR/USD,1.06302,1.06311,1.06311,1.06319,1.06295,1.06296,1.06311,1.06319,1.06295,1.06296,1.06311,1.06319,1.06295,1.06296,1.06311,1.06319,1.06295,1.06296
2022-12-29 02:25:00,EUR/USD,1.06303,1.06311,1.06311,1.06319,1.06295,1.06296,1.06311,1.06319,1.06295,1.06296,1.06311,1.06319,1.06295,1.06296,1.06311,1.06319,1.06295,1.06296
2022-12-29 11:50:00,EUR/USD,1.06373,1.06379,1.06379,1.06401,1.06366,1.06392,1.06379,1.06401,1.06366,1.06392,1.06379,1.06401,1.06366,1.06392,1.06379,1.06401,1.06366,1.06392
2022-12-29 11:50:00,EUR/USD,1.06371,1.06379,1.06379,1.06401,1.06366,1.06392,1.06379,1.06401,1.06366,1.06392,1.06379,1.06401,1.06366,1.06392,1.06379,1.06401,1.06366,1.06392
2022-12-29 14:15:00,EUR/USD,1.06505,1.06512,1.06512,1.0653,1.06489,1.06518,1.06512,1.0653,1.06489,1.06518,1.06512,1.0653,1.06489,1.06518,1.06512,1.0653,1.06489,1.06518
2022-12-30 17:55:00,EUR/USD,1.07064,1.0707,1.0707,1.07122,1.07048,1.07118,1.0707,1.07122,1.07048,1.07118,1.0707,1.07122,1.07048,1.07118,1.0707,1.07122,1.07048,1.07118
